2023-01-11订单号: 1795579861104658774 腾飞腾达数码专营店,腾飞hdmi转dvi线限时优惠中 [交易快照],颜色分类：加粗线芯-工程推荐长度：1米,发货时间：01月13日 15:18前发货,￥29.00,￥11.90,1,查看退款,投诉商家,￥6.90,(含运费：￥0.00),交易关闭,订单详情,申请开票
2023-01-11订单号: 1795525502988658774 川渝美食特产批发零售,重庆直发正宗烧烤苕皮Q弹软糯 [交易快照],净含量：苕皮2.6斤约17张（15x18cm）,发货时间：01月13日 13:47前发货,￥19.90,￥11.80,1,申请售后,投诉卖家,￥11.45,(含运费：￥0.00),交易成功,订单详情,花呗账单,查看物流,评价,再次购买
2023-01-10订单号: 1794159480796658774 华源医疗用品店,澳佳葆否皮肤大容量消毒液上新装 [交易快照],净含量：2000ml套餐类型：套餐一,发货时间：01月22日 13:54前发货,￥86.00,￥49.80,1,投诉卖家,￥24.82,(含运费：￥0.00),交易关闭,订单详情
2023-01-09订单号: 1793196948663658774 小贝家DIY饰品材料店,2023兔年灯笼儿童手提灯笼材料包 [交易快照],颜色分类：国风兔子灯笼【福兔款】,发货时间：01月14日 16:18前发货，受疫情影响，物流时效可能延迟,￥17.60,￥8.80,1,查看退款,投诉卖家,运费险已出单,￥7.75,(含运费：￥0.00),交易关闭,订单详情,保险服务,￥0.00
2023-01-07订单号: 1791478416851658774 大自然特产商城,纯可可脂俄罗斯原装进口黑巧克力 [交易快照],食品口味：26块无蔗糖【99%逆天苦】140g,发货时间：01月09日 17:27前发货,￥37.80,￥18.90,1,申请售后,投诉卖家,￥16.45,(含运费：￥0.00),交易成功,订单详情,花呗账单,查看物流,对方已评,评价,再次购买
2023-01-07订单号: 1790985972114658774 简简单单玩具旗舰店,兔兔毛绒布艺羽绒棉可爱变装兔 [交易快照],颜色分类：变装兔&mdash：胡萝卜高度：30厘米【超软羽绒棉填充】,￥58.00,￥29.00,1,申请售后,投诉商家,运费险已出单,￥23.11,(含运费：￥0.00),交易成功,订单详情,花呗账单,查看物流,评价,申请开票,保险服务,￥0.00
2022-12-24订单号: 1779193887011658774 云朵资料屋,22下教资面试小学初中高中语文数学英语结构化逐字稿网课视频课程 [交易快照],付款方式：初中类型：生物,发货时间：12月26日 21:52前发货,￥6.66,1,申请售后,投诉卖家,￥6.47,(含运费：￥0.00),交易成功,订单详情,查看物流,双方已评,追加评论
2022-12-24订单号: 1778434356742658774 好学上教育,2023卢姨幼儿园小学初高中语文数学英语美术教资面试押题课程网课 [交易快照],付款方式：2023初中面试类型：生物,发货时间：12月26日 21:40前发货,￥6.90,1,查看退款,申请售后,投诉卖家,￥6.90,(含运费：￥0.00),交易成功,订单详情,查看物流,追加评论
2022-12-23订单号: 1778028746921658774 嘻螺会食品旗舰店,双倍辣螺蛳粉315g*5袋柳州 [交易快照],口味：双倍辣315g*5包,发货时间：12月30日 15:02前发货,￥65.00,￥36.80,1,申请售后,￥30.80,(含运费：￥0.00),交易成功,订单详情,花呗账单,查看物流,双方已评,追加评论,再次购买,申请开票
2022-12-14订单号: 1769337048982658774 豫佳工厂直营,95度酒精拔罐工业酒精火疗拔罐专用火锅大桶装工业酒精95%清洁 [交易快照],净含量：2000ml,发货时间：01月22日 13:54前发货,￥22.90,￥17.60,1,投诉卖家,退运保险,￥17.60,(含运费：￥0.00),交易关闭,订单详情,保险服务,￥0.00
2022-12-13订单号: 1769095382254658774 爱尚素材铺,2022车载音乐下载包无损音源抖音流行DJ热门MP3新歌曲MV免费下载 [交易快照],发货时间：12月16日 22:08前发货,￥0.88,￥0.66,1,申请售后,投诉卖家,￥0.66,(含运费：￥0.00),交易成功,订单详情,查看物流,双方已评,追加评论
2022-12-11订单号: 1766500142278658774 子奕旗舰店,【双12价】北欧ins风简约幻彩玻璃花瓶水培鲜花插花小花瓶客厅水养创意摆件 [交易快照],颜色分类：北欧款大号（电镀七彩）尺寸：中等,￥25.60,￥12.80,1,申请售后,运费险已出单,￥11.42,(含运费：￥0.00),交易成功,订单详情,查看物流,追加评论,申请开票,保险服务,￥0.00
2022-12-08订单号: 1760524716517658774 阿里健康大药房,原始人3d立体口罩医用外科一次性医疗正品不花妆单独立包装黑白色 [交易快照],颜色分类：3D立体显瘦【M码30只白色独立装】医用外科口罩,￥49.00,￥14.80,1,申请售后,退运保险,￥11.80,(含运费：￥0.00),交易成功,订单详情,花呗账单,查看物流,追加评论,申请开票,保险服务,￥0.00
2022-12-08订单号: 1761177723778658774 阿里健康大药房,原始人3d立体口罩医用外科一次性医疗正品不花妆单独立包装黑白色 [交易快照],颜色分类：3D立体显瘦【M码60只白色独立装】医用外科口罩,￥89.00,￥28.80,1,违规举报,退运保险,￥25.80,(含运费：￥0.00),交易关闭,订单详情,保险服务,￥0.00
2022-12-07订单号: 1760251368684658774 皇颂旗舰店,羽绒棉摩托车挡风冬季骑行护腿 [交易快照],颜色分类：70cm魔术贴反光条护脚踝（收藏下单送手套）,￥138.00,￥69.00,1,申请售后,运费险已出单,￥69.00,(含运费：￥0.00),交易成功,订单详情,花呗账单,查看物流,追加评论,申请开票,保险服务,￥0.00
2022-12-05订单号: 1758302439893658774 健美创研旗舰店,【佳埼推荐】3包,加大加厚洗脸巾 [交易快照],颜色分类：3包装-【加厚款珍珠纹50片】,￥38.00,￥13.80,1,申请售后,￥13.80,(含运费：￥0.00),交易成功,订单详情,查看物流,追加评论,申请开票,保险服务,￥0.00
2022-12-04订单号: 1757833862210658774 龙邮天际,mail.ru [交易快照],￥1.00,1,查看退款,申请售后,投诉卖家,￥1.00,(含运费：￥0.00),交易成功,订单详情,查看物流,追加评论
2022-12-03订单号: 1757285761847658774 LXS STUDIO,LXS STUDIO 米色雪尼尔重磅裤子男加绒加厚直筒垂感阔腿拖地长裤 [交易快照],颜色：米色加绒尺码：L,发货时间：01月22日 13:54前发货,￥338.00,￥115.00,1,投诉卖家,退运保险,￥112.44,(含运费：￥0.00),交易关闭,订单详情,保险服务,￥0.00
2022-11-23订单号: 1747148376678658774 景也旗舰店,新骨瓷日式大众易清洗耐高温 [交易快照],颜色分类：黑线山田8英寸汤碗1只装+大汤勺1个,￥29.60,￥14.80,1,违规举报,￥14.80,(含运费：￥0.00),交易关闭,订单详情
2022-11-22订单号: 1747300154555658774 莱之美医疗器械专营店,亿信成人医疗一次性外科口罩三层 [交易快照],颜色分类：50只【深蓝色】独立包装1个1包,￥26.00,￥24.80,1,申请售后,运费险已出单,￥23.80,(含运费：￥0.00),交易成功,订单详情,花呗账单,查看物流,双方已评,追加评论,再次购买,申请开票,保险服务,￥0.00
2022-11-12订单号: 1737980835594658774 云蕾居家日用旗舰店,云蕾一次性防水美容院专用染发帽 [交易快照],颜色分类：100只装（盒装）,￥25.90,￥15.90,1,申请售后,运费险已出单,￥12.90,(含运费：￥0.00),交易成功,订单详情,花呗账单,查看物流,双方已评,追加评论,申请开票,保险服务,￥0.00
2022-11-11订单号: 3025430496693658774 天猫超市,白象国产大辣娇韩式火鸡面119g*5袋网红速食夜宵方便泡面非螺狮粉,购买规格：1件,￥16.80,￥15.90,1,申请售后,￥12.43,(含运费：￥6.00),交易成功,订单详情,花呗账单,查看物流,双方已评,追加评论,再次购买,申请开票,发货清单
2022-11-11订单号: 3026091925209658774 天猫超市,云蕾一次性浴帽 防水成人女款头套帽加厚洗澡淋浴帽染发帽100只,购买规格：1件,￥19.90,1,违规举报,￥10.93,(含运费：￥6.00),交易关闭,订单详情,再次购买
2022-11-11订单号: 3026075725628658774 云蕾居家日用旗舰店,云蕾一次性防水美容院专用染发帽 [交易快照],颜色分类：100只装（盒装）,￥25.90,￥14.31,1,违规举报,退运保险,￥14.31,(含运费：￥0.00),交易关闭,订单详情,保险服务,￥0.00
2022-11-11订单号: 3025346004520658774 今麦郎旗舰店,今麦郎非油炸牛肉板面 [交易快照],口味：板面混装6桶（卤香*2+麻辣*2+香辣*2）,发货时间：11月16日 22:52前发货，受疫情影响，物流时效可能延迟,￥58.90,￥29.60,1,查看退款,投诉商家,运费险已出单,￥28.60,(含运费：￥0.00),交易关闭,订单详情,再次购买,申请开票,保险服务,￥0.00
2022-11-11订单号: 3022612563054658774 卡宾男鞋旗舰店,Cabbeen/卡宾一帆风顺拼色高帮鞋 [交易快照],颜色分类：青色尺码：42[比运动鞋偏大一码],￥788.00,￥422.00,1,违规举报,退运保险,￥372.00,(含运费：￥0.00),交易关闭,订单详情,保险服务,￥0.00
2022-11-10订单号: 1734296628632658774 喵速达电器官方旗舰店,【阿里官方自营】苹果Apple 13 [交易快照],机身颜色：星光色存储容量：128GB网络类型：无需合约版套餐类型：官方标配版本类型：中国大陆,￥5399.00,1,违规举报,退运保险,￥4649.00,(含运费：￥0.00),交易关闭,订单详情,增值服务：原厂保修 原厂保修服务,服务内容：原厂保修服务,￥0.00,1,保险服务,￥0.00
2022-11-10订单号: 1734879145773658774 珍行足衣旗舰店,纯棉袜子珍行足衣保暖男 [交易快照],颜色分类：买家自选5双（无备注留言随机发）尺码：适合38-44码【收藏加购送运费险】,￥99.00,￥53.10,1,查看退款,投诉商家,运费险已出单,￥43.37,(含运费：￥0.00),交易关闭,订单详情,申请开票,保险服务,￥0.00
2022-11-10订单号: 1734879145774658774 健美创研旗舰店,5包,加大加厚,纯棉不掉絮,洗脸巾 [交易快照],颜色分类：5包（洗脸巾50片）+2包（压缩浴巾）,￥68.00,￥26.90,1,申请售后,退运保险,￥21.97,(含运费：￥0.00),交易成功,订单详情,花呗账单,查看物流,双方已评,追加评论,申请开票,保险服务,￥0.00
2022-11-10订单号: 1734879145775658774 百茂旗舰店,网红好柿发生毛绒钥匙扣 [交易快照],颜色分类：桃你欢心粉双面字牌+粉桃毛线挂件,￥23.60,￥10.62,1,申请售后,退运保险,￥16.75,(含运费：￥0.00),交易成功,订单详情,花呗账单,查看物流,双方已评,申请开票,追加评论,网红好柿发生毛绒钥匙扣 [交易快照],颜色分类：毛线香橙挂件（前程似锦）,￥23.60,￥10.62,1,申请售后,退运保险,追加评论,保险服务,￥0.00
2022-11-10订单号: 1734879145778658774 漫花旗舰店,大包干湿两用棉柔洗脸巾 [交易快照],款式：加大加厚80片*1包,￥19.90,￥14.90,1,查看退款,投诉商家,退运保险,￥7.31,(含运费：￥0.00),交易关闭,订单详情,申请开票,保险服务,￥0.00
2022-11-10订单号: 1734879145779658774 卡宾男鞋旗舰店,Cabbeen/卡宾一帆风顺拼色高帮鞋 [交易快照],颜色分类：青色尺码：41[比运动鞋偏大一码],￥788.00,￥379.00,1,查看退款,投诉商家,运费险已赔付,垫付（318.68元）,￥309.54,(含运费：￥0.00),交易关闭,订单详情,申请开票,保险服务,￥0.00
2022-11-10订单号: 1734879145780658774 空城计旗舰店,潮流宽松直筒潮牌休闲长裤 [交易快照],颜色：黑色尺码：XL,￥298.00,￥133.20,1,查看退款,投诉商家,退运保险,￥108.78,(含运费：￥0.00),交易关闭,订单详情,申请开票,保险服务,￥0.00
2022-11-04订单号: 1726496655230658774 维宇网络科技,扩容 自己账户 快速发货 [交易快照],颜色分类：【1T1年】特价7x24小时秒发[自己账户],发货时间：11月07日 15:50前发货,￥55.00,1,申请售后,投诉卖家,￥55.00,(含运费：￥0.00),交易成功,订单详情,查看物流,双方已评,追加评论
2022-11-04订单号: 1725743964529658774 秋念繁星,onedrive扩容10G容量自己账户邀请升级官方安全稳定7*24小时自助 [交易快照],颜色分类：永久扩容10G,发货时间：11月05日 13:56前发货,￥2.00,1,申请售后,投诉卖家,￥2.00,(含运费：￥0.00),交易成功,订单详情,查看物流,双方已评,追加评论
2022-10-29订单号: 1718503070202658774 科炫 3c数码配件,压缩空气罐除尘罐除尘剂高压清洁电脑数码单反镜头风扇散热器键盘 [交易快照],发货时间：10月30日 15:09前发货,￥12.60,1,售后成功,投诉卖家,运费险已出单,￥12.49,(含运费：￥0.00),交易成功,订单详情,查看物流,双方已评,追加评论,保险服务,￥0.00
2022-10-23订单号: 1711245000774658774 玫瑰花开女鞋店,简单百搭一脚蹬懒人牛皮小白鞋女 [交易快照],颜色分类：黑色尺码：37,发货时间：10月24日 23:05前发货,￥598.00,￥118.00,1,查看退款,投诉卖家,运费险已赔付,垫付（109.46元）,￥109.46,(含运费：￥0.00),交易关闭,订单详情,保险服务,￥0.00
2022-10-22订单号: 1710262596389658774 邦夫金熊旗舰店,学生坐垫凳子椅子垫子记忆棉教室用软舒适久坐椅垫座垫屁股垫冬季 [交易快照],颜色分类：柴犬BLM记忆棉学生坐垫尺寸：小号约35X24厘米（防滑底+双搭扣）,￥38.00,￥22.80,1,违规举报,￥22.12,(含运费：￥0.00),交易关闭,订单详情
2022-10-22订单号: 1710262992027658774 海美奇旗舰店,可定制 加厚 记忆棉 屁股 垫子 [交易快照],颜色分类：BLM-柴犬坐垫【记忆棉内胆，可拆洗】尺寸：小号 24X35cm【双塔扣设计】,24小时内发货,￥50.00,￥25.00,1,违规举报,退运保险,￥25.00,(含运费：￥0.00),交易关闭,订单详情,保险服务,￥0.00
2022-10-22订单号: 1710938173460658774 初奢家居旗舰店,记忆棉加厚学生坐垫长方形椅子 [交易快照],颜色分类：加厚坐垫-灰二哈尺寸：记忆棉35x24x4cm底部防滑【双绑带搭扣】,24小时内发货,￥43.60,￥23.00,1,违规举报,退运保险,￥23.00,(含运费：￥0.00),交易关闭,订单详情,保险服务,￥0.00
2022-10-22订单号: 1710934322417658774 初奢家居旗舰店,记忆棉加厚学生坐垫长方形椅子 [交易快照],颜色分类：加厚坐垫-灰二哈尺寸：记忆棉35x24x4cm底部防滑【双绑带搭扣】,24小时内发货,￥43.60,￥23.00,1,违规举报,退运保险,￥23.00,(含运费：￥0.00),交易关闭,订单详情,保险服务,￥0.00
2022-10-21订单号: 1709961493741658774 千芸化妆品专营店,花印玫瑰身体乳留香补水滋润保湿 [交易快照],净含量：400ml香味：玫瑰,￥199.00,￥75.00,1,违规举报,￥54.00,(含运费：￥0.00),交易关闭,订单详情,保险服务,￥0.00
2022-10-21订单号: 1709280912846658774 花印三贤雅堂专卖店,花印身体乳保湿滋润补水日本 [交易快照],净含量：400ml适合肤质：所有肤质,￥129.00,￥69.00,1,申请售后,运费险已出单,￥55.93,(含运费：￥0.00),交易成功,订单详情,花呗账单,查看物流,双方已评,追加评论,申请开票,保险服务,￥0.00
2022-10-15订单号: 1703565519749658774 晨光百联硕专卖店,晨光4B橡皮柔软易擦 留屑集中 [交易快照],颜色分类：【10块】4B米菲款橡皮 中号,￥8.10,￥6.50,1,违规举报,退运保险,￥6.50,(含运费：￥0.00),交易关闭,订单详情,保险服务,￥0.00
2022-10-15订单号: 1702919964209658774 联合利华官方旗舰店,多芬滋养沐浴露单瓶装 [交易快照],净含量：1000g香味：轻柔活肤,￥63.50,￥41.90,1,违规举报,￥41.90,(含运费：￥0.00),交易关闭,订单详情,保险服务,￥0.00
2022-10-14订单号: 1702660911668658774 电竞潮男,罗技G402 游戏鼠标有线电竞吃鸡宏机械LOL专用台式机电脑大手光电 [交易快照],颜色分类：G402[全新-2年官保]套餐类型：官方标配,￥299.00,￥229.00,1,投诉卖家,退运保险,￥172.28,(含运费：￥0.00),交易关闭,订单详情,保险服务,￥0.00
2022-10-11订单号: 1699251855766658774 千芸化妆品专营店,花印玫瑰身体乳留香补水滋润保湿 [交易快照],净含量：400ml香味：玫瑰,￥199.00,￥75.00,1,违规举报,￥57.00,(含运费：￥0.00),交易关闭,订单详情,保险服务,￥0.00
2022-10-10订单号: 1697770599116658774 Apple Store 官方旗舰店,Apple/苹果 iPhone 13 [交易快照],机身颜色：粉色存储容量：128GB网络类型：无需合约版,￥5399.00,1,违规举报,￥5399.00,(含运费：￥0.00),交易关闭,订单详情
2022-10-06订单号: 1692795397156658774 莱之美医疗器械专营店,亿信成人医疗一次性外科口罩三层 [交易快照],颜色分类：50只【深蓝色】独立包装1个1包,￥26.00,￥24.80,1,违规举报,退运保险,￥23.80,(含运费：￥0.00),交易关闭,订单详情,再次购买,保险服务,￥0.00
2022-10-01订单号: 1687625436372658774 健美创研旗舰店,【佳埼推荐】高级安全型修眉刀 [交易快照],颜色分类：（新手套装A）修眉4件套,￥28.00,￥14.90,1,申请售后,运费险已出单,￥14.90,(含运费：￥0.00),交易成功,订单详情,查看物流,双方已评,追加评论,申请开票,保险服务,￥0.00
2022-10-01订单号: 1687624140209658774 健美创研旗舰店,【佳埼推荐】高级安全型修眉刀 [交易快照],颜色分类：（新手套装A）修眉4件套,￥28.00,￥14.90,1,查看退款,投诉商家,退运保险,￥14.90,(含运费：￥0.00),交易关闭,订单详情,申请开票,保险服务,￥0.00
2022-09-30订单号: 1687194121833658774 长兴壹号包装批发商城,包邮环保透明热熔胶黄色粘性 [交易快照],颜色分类：7*190mm透明高粘型10根,￥3.00,1,投诉卖家,￥3.00,(含运费：￥0.00),交易关闭,订单详情
2022-09-30订单号: 1687045262387658774 居家家您身边的居家伴侣,居家家长发防静电天然桃木梳子 [交易快照],颜色分类：月牙檀木梳&amp：17cm,￥14.30,￥12.90,1,申请售后,投诉卖家,运费险已出单,￥13.87,(含运费：￥0.00),交易成功,订单详情,查看物流,双方已评,追加评论,保险服务,￥0.97
2022-09-29订单号: 1686550082355658774 邦夫金熊旗舰店,舒适小学高中神器长方形坐垫椅垫 [交易快照],颜色分类：柴犬YL学生坐垫尺寸：大号约38X35厘米（防滑底+有搭扣）,￥48.00,￥28.80,1,申请售后,￥27.94,(含运费：￥0.00),交易成功,订单详情,查看物流,双方已评,追加评论,申请开票
2022-09-17订单号: 1673190591004658774 漫花旗舰店,纸巾抽纸整箱批发卫生纸 [交易快照],包装规格：30包,￥48.99,￥32.99,1,申请售后,运费险已出单,￥27.99,(含运费：￥0.00),交易成功,订单详情,查看物流,双方已评,追加评论,查看礼包,申请开票,保险服务,￥0.00
2022-09-08订单号: 1666189959163658774 gpn旗舰店,特大号猫抓板猫窝一体耐磨不掉屑 [交易快照],颜色分类：特大号加厚款【适用15斤内】今日下单送猫薄荷,￥24.80,￥16.80,1,申请售后,运费险已出单,￥11.80,(含运费：￥0.00),交易成功,订单详情,查看物流,追加评论,申请开票,保险服务,￥0.00
2022-09-05订单号: 1663616750482658774 金鑫通讯数码,Apple/苹果Pencil电容笔iPad Pro平板绘画手写笔一代二代压感原装 [交易快照],颜色分类：二代/国行/原盒笔/官方在保[99新/送礼包],发货时间：09月07日 22:45前发货,￥678.00,￥658.00,1,查看退款,投诉卖家,运费险已赔付,垫付（658.00元）,￥658.00,(含运费：￥0.00),交易关闭,订单详情,保险服务,￥0.00
2022-09-05订单号: 1663570635806658774 达达ipad数码,applepencil电容笔ipad原装笔防误触苹果笔一代2代ipencil二代pro [交易快照],颜色分类：原装二代pencil苹果笔[一年换新],发货时间：01月22日 13:54前发货,￥698.00,1,投诉卖家,￥593.00,(含运费：￥0.00),交易关闭,订单详情
2022-09-04订单号: 1662731115212658774 周赟,ps证件照之星插件一键换底色换装滤镜批量磨皮裁剪教程素材完整版 [交易快照],发货时间：09月06日 21:34前发货,￥1.27,1,申请售后,投诉卖家,￥1.27,(含运费：￥0.00),交易成功,订单详情,查看物流,双方已评,追加评论
2022-09-02订单号: 1660401879733658774 我的梦想是世界和平,适用于 reno玻璃后盖opporenoZ手机后壳替换reno电池盖外屏原装厂 [交易快照],颜色分类：RenoZ玻璃后盖-星辰紫[带背胶无辅料],发货时间：01月22日 13:54前发货,￥29.50,￥18.50,1,投诉卖家,￥18.50,(含运费：￥0.00),交易关闭,订单详情
2022-08-31订单号: 1658717043425658774 信诺医疗用品馆,【24h发货】75%酒精医用消毒液 [交易快照],净含量：2000ml套餐类型：套餐一,发货时间：09月02日 14:16前发货,￥56.00,￥19.80,1,申请售后,投诉卖家,￥16.80,(含运费：￥0.00),交易成功,订单详情,查看物流,双方已评,追加评论
2022-08-29订单号: 1655759352709658774 得力文具专卖店,得力封箱胶带加宽加长不易断 [交易快照],颜色分类：【超透款】宽4.8cm*长40m/1卷,￥10.00,￥5.00,1,申请售后,运费险已出单,￥5.00,(含运费：￥0.00),交易成功,订单详情,查看物流,双方已评,追加评论,申请开票,保险服务,￥0.00
2022-08-29订单号: 1655759388460658774 得力盈达专卖店,得力大卷透明胶带快递打包封箱带 [交易快照],颜色分类：【超透款】宽4.8cm*长40m/1卷,￥10.00,￥5.00,1,违规举报,￥5.00,(含运费：￥0.00),交易关闭,订单详情
2022-08-28订单号: 1656306949572658774 华源医疗用品店,澳佳葆否皮肤大容量消毒液上新装 [交易快照],净含量：2000ml套餐类型：套餐一,发货时间：08月30日 21:06前发货,￥40.98,￥15.98,1,查看退款,投诉卖家,￥13.98,(含运费：￥0.00),交易关闭,订单详情
2022-08-27订单号: 1654655414287658774 大莞家旗舰店,厨房一次性保鲜膜切割器家用保鲜膜罩食品专用切割盒磁吸冰箱神器 [交易快照],颜色分类：保鲜膜3卷-每卷50米-共150米件数：1,￥59.80,￥22.90,1,申请售后,退运保险,￥22.90,(含运费：￥0.00),交易成功,订单详情,查看物流,双方已评,追加评论,申请开票,保险服务,￥0.00
2022-08-27订单号: 1653936888443658774 优思居旗舰店,保鲜膜切割器厨房一次性家用壁挂 [交易快照],颜色分类：保鲜膜三卷-每卷50米-共150米件数：1,￥25.00,￥22.90,1,违规举报,￥17.32,(含运费：￥0.00),交易关闭,订单详情
2022-08-22订单号: 1651140554415658774 九阳厨具旗舰店,九阳电子秤高精准克称厨房家用 [交易快照],颜色分类：0.1g高精度+5KG大量程+防水+高灵敏【店长推荐】,发货时间：01月25日 13:54前发货,￥199.00,￥55.00,1,违规举报,退运保险,￥55.00,(含运费：￥0.00),交易关闭,订单详情,保险服务,￥0.00
2022-08-20订单号: 1648972345190658774 罗妈川味,手搓气泡冰粉1斤商用装 [交易快照],口味：头茬籽半斤（约做40碗送石灰纱布,发货时间：08月22日 15:03前发货,￥26.80,1,申请售后,投诉卖家,￥26.80,(含运费：￥0.00),交易成功,订单详情,花呗账单,查看物流,双方已评,追加评论,再次购买
2022-08-15订单号: 1644719053995658774 佰盈通讯,佰盈适用oppo reno后盖原装玻璃RenoZ电池盖Reno十倍版后屏原厂 [交易快照],颜色分类：RenoZ紫色后盖[送胶水],￥17.00,1,查看退款,投诉卖家,运费险已赔付,垫付（17.00元）,￥17.00,(含运费：￥0.00),交易关闭,订单详情,保险服务,￥0.00
2022-08-15订单号: 1644685431168658774 我的梦想是世界和平,适用于 reno玻璃后盖opporenoZ手机后壳替换reno电池盖外屏原装厂 [交易快照],颜色分类：RenoZ玻璃后盖-星辰紫+辅料[背胶散热辅料齐全],￥34.50,￥24.50,1,投诉卖家,￥24.50,(含运费：￥0.00),交易关闭,订单详情
2022-08-15订单号: 1643942208347658774 旭辉数码,适用于opporeno原装玻璃 RenoZ电池后盖 原10倍变焦后壳 [交易快照],颜色分类：RenoZ【星辰紫】[散热棉+后盖背胶],￥35.00,1,投诉卖家,￥35.00,(含运费：￥0.00),交易关闭,订单详情
2022-08-15订单号: 1644633698871658774 漫花旗舰店,【u先试用】拍下7.9元漫花洗脸巾 [交易快照],包数：1包,￥21.90,￥7.90,1,申请售后,运费险已出单,￥7.90,(含运费：￥0.00),交易成功,订单详情,双方已评,追加评论,申请开票,保险服务,￥0.00
2022-08-14订单号: 1643198484741658774 九阳电器特惠总店,九阳磨粉机杯电动干湿两用S1-M81家用小型打粉超细干磨研磨机中药 [交易快照],颜色分类：褐色（双杯双刀）,￥202.00,￥91.00,1,申请售后,投诉卖家,运费险已出单,￥85.00,(含运费：￥0.00),交易成功,订单详情,花呗账单,双方已评,保险服务,￥0.00
2022-08-14订单号: 1643872118123658774 九阳厨房电器总店,九阳磨粉机小型家用打粉机超细粉碎干磨中药材电动研磨机S1-M81 [交易快照],颜色分类：褐色,￥88.00,1,投诉卖家,退运保险,￥88.00,(含运费：￥0.00),交易关闭,订单详情,保险服务,￥0.00
2022-08-14订单号: 1643938573719658774 九阳生活电器旗舰店,九阳多功能家用磨粉机 [交易快照],颜色分类：棕色-双杯款,￥999.00,￥129.90,1,违规举报,退运保险,￥109.62,(含运费：￥0.00),交易关闭,订单详情,保险服务,￥0.00
2022-08-14订单号: 1643907507150658774 九阳生活电器旗舰店,九阳磨粉机到手低至99.9 [交易快照],颜色分类：秘境黑,￥999.00,￥119.90,1,违规举报,退运保险,￥77.91,(含运费：￥0.00),交易关闭,订单详情,保险服务,￥0.00
2022-08-14订单号: 1642605348819658774 罗妈川味,手搓气泡冰粉1斤商用装 [交易快照],口味：头茬籽100g（约做16碗送石灰纱布,￥16.80,1,申请售后,投诉卖家,￥16.80,(含运费：￥0.00),交易成功,订单详情,双方已评,追加评论
2022-08-12订单号: 2816499709714658774 探营者旗舰店,行李箱锁扣配件密码锁海关锁替换 [交易快照],颜色分类：XLN66#左边锁一个,￥25.60,￥12.80,1,违规举报,￥12.42,(含运费：￥0.00),交易关闭,订单详情
2022-08-12订单号: 2817016635211658774 乐何文具,彩色手帐镊子和纸胶带拼贴工具 [交易快照],颜色分类：粉色镊子2把+笔刀+小黄铲,￥13.80,￥12.80,1,查看退款,投诉卖家,￥12.42,(含运费：￥0.00),交易关闭,订单详情
2022-08-12订单号: 2817016635212658774 佳佳文具优选,新品小麻薯胶带整卷球风特油手账 [交易快照],颜色分类：就知道吃第一弹[【5米】]长度：5m,￥13.80,1,申请售后,投诉卖家,￥27.60,(含运费：￥0.00),交易成功,订单详情,花呗账单,双方已评,追加评论,新品小麻薯胶带整卷球风特油手账 [交易快照],颜色分类：就知道吃第二弹[【5米】]长度：5m,￥13.80,1,申请售后,投诉卖家
2022-08-12订单号: 2817016635215658774 韶光慢手帐店,新品小麻薯胶带手帐全套整卷可爱 [交易快照],颜色分类：巧克力色[大学那些事分装],￥6.50,1,申请售后,投诉卖家,￥6.50,(含运费：￥0.00),交易成功,订单详情,花呗账单,双方已评,追加评论
2022-08-12订单号: 2817016635216658774 承拓四海办公用品专营店,小麻薯离型本送配套礼盒工具 [交易快照],颜色分类：A4樱花漫漫/送6张贴纸,￥28.30,￥19.80,1,申请售后,￥19.80,(含运费：￥0.00),交易成功,订单详情,花呗账单,双方已评,追加评论,申请开票
2022-08-12订单号: 1642275805785658774 mosbo数码旗舰店,蓝光手机 reno无白边原装刚化 [交易快照],适用手机型号：OPPO Reno Z颜色分类：oppo renoZ 全屏钻石【黑色】高清3片,￥15.90,￥12.90,1,申请售后,￥12.90,(含运费：￥0.00),交易成功,订单详情,双方已评,申请开票,追加评论,征集买家秀【视频+晒图+20字评语】截图联系客服，领取2元红包 [交易快照],￥35.80,￥0.00,1,申请售后
2022-08-12订单号: 1642182854405658774 佰盈通讯,佰盈适用oppo reno后盖原装玻璃RenoZ电池盖Reno十倍版后屏原厂 [交易快照],颜色分类：RenoZ紫色后盖【原】[完美贴合],￥70.00,1,查看退款,投诉卖家,退运保险,￥70.00,(含运费：￥0.00),交易关闭,订单详情,保险服务,￥0.00
2022-08-12订单号: 1642170434985658774 深圳数码电子通讯,oppo Reno后盖 oppo renoz玻璃电池盖 前框中壳 手机外壳卡托背屏 [交易快照],颜色分类：Reno z星云紫玻璃后盖,￥18.00,￥16.20,1,查看退款,投诉卖家,￥16.20,(含运费：￥0.00),交易关闭,订单详情
2022-08-12订单号: 1642221447086658774 卓冠数码店,适用于oppoRenoZ后盖外壳 Renoz电池盖 renoZ原装玻璃后盖黑色 [交易快照],颜色分类：renoZ星辰紫,￥14.00,1,投诉卖家,￥21.58,(含运费：￥8.00),交易关闭,订单详情
2022-08-09订单号: 1637817852267658774 水果素材店,ipad软件app学习goodnotes笔记视频教程not ability素材procreate [交易快照],￥2.58,1,申请售后,投诉卖家,￥2.58,(含运费：￥0.00),交易成功,订单详情,双方已评,追加评论
2022-08-09订单号: 1638437558957658774 众安保健品专营店,75%酒精消毒液医用伤口杀菌室内 [交易快照],颜色分类：500ml【1瓶】-送棉签+喷头,￥15.60,￥7.80,1,申请售后,运费险已出单,￥6.57,(含运费：￥0.00),交易成功,订单详情,双方已评,申请开票,追加评论,【赠品】】买家秀征集 [交易快照],￥10.00,￥0.00,1,申请售后,保险服务,￥0.00
2022-08-09订单号: 1638437702039658774 海氏海诺佳宁专卖店,海氏海诺医疗酒精75度喷雾消毒液 [交易快照],颜色分类：酒精500ml【1瓶】首件送喷瓶,￥29.50,￥8.50,1,违规举报,退运保险,￥6.50,(含运费：￥0.00),交易关闭,订单详情,100ml喷瓶1个 [交易快照],￥9.90,￥0.00,1,违规举报,保险服务,￥0.00
2022-07-31订单号: 1631704297077658774 漫花旗舰店,【u先试用】拍下7.9元漫花洗脸巾 [交易快照],包数：1包,￥21.90,￥7.90,1,违规举报,退运保险,￥7.90,(含运费：￥0.00),交易关闭,订单详情,保险服务,￥0.00
2022-07-31订单号: 1631256746075658774 嫦香诗旗舰店,【清凉软糯·泡泡内裤】 [交易快照],颜色分类：10811奶黄+素雅黑尺码：均码,￥54.00,￥34.90,1,申请售后,运费险已出单,￥34.90,(含运费：￥0.00),交易成功,订单详情,双方已评,追加评论,申请开票,保险服务,￥0.00
2022-07-31订单号: 1631323057508658774 嫦香诗旗舰店,无痕内衣女小胸聚拢夏季薄款无钢圈收副乳大胸显小美背文胸罩夏天 [交易快照],颜色分类：10240黑色-单件尺码：M[【适合75ABC】],￥128.00,￥79.00,1,申请售后,运费险已出单,￥69.00,(含运费：￥0.00),交易成功,订单详情,双方已评,追加评论,申请开票,保险服务,￥0.00
2022-07-30订单号: 1630318333122658774 山东消毒制品总汇,消毒杀菌 环境消毒 皮肤消毒 [交易快照],净含量：500ml套餐类型：套餐一,￥20.00,￥6.80,1,投诉卖家,￥5.60,(含运费：￥0.00),交易关闭,订单详情
2022-07-28订单号: 1629083461928658774 大胃王食品旗舰店,白象方便面袋装韩式火鸡面 [交易快照],口味：速发【5包】白象火鸡面,￥79.90,￥15.90,1,违规举报,￥15.90,(含运费：￥0.00),交易关闭,订单详情
2022-07-28订单号: 1629084613103658774 大胃王食品旗舰店,白象方便面袋装韩式火鸡面 [交易快照],口味：速发【5包】白象火鸡面,￥79.90,￥15.90,1,违规举报,￥15.90,(含运费：￥0.00),交易关闭,订单详情
2022-07-28订单号: 1629083389765658774 大胃王食品旗舰店,白象方便面袋装韩式火鸡面 [交易快照],口味：速发【5包】白象火鸡面,￥79.90,￥15.90,1,申请售后,￥12.90,(含运费：￥0.00),交易成功,订单详情,双方已评,追加评论,申请开票
2022-07-28订单号: 1629082489876658774 大胃王食品旗舰店,白象方便面袋装韩式火鸡面 [交易快照],口味：速发【5包】白象火鸡面,￥79.90,￥15.90,1,查看退款,投诉商家,￥12.90,(含运费：￥0.00),交易关闭,订单详情,申请开票
2022-07-26订单号: 1626132396201658774 永冠办公用品旗舰店,永冠喷漆遮蔽不残留美纹纸胶带 [交易快照],颜色分类：3.0cm*50m*2卷,￥10.70,￥8.70,1,违规举报,退运保险,￥5.70,(含运费：￥0.00),交易关闭,订单详情,保险服务,￥0.00
2022-07-25订单号: 1626785475890658774 铭灿办公旗舰店,强力泡沫双面胶高粘度墙面固定 [交易快照],颜色分类：30mm宽*4米长*3mm厚【4卷】,￥16.80,￥9.80,1,违规举报,￥7.80,(含运费：￥0.00),交易关闭,订单详情,【5张晒图+推荐+视频】截图联系客服，领取2元红包，每个ID限一次 [交易快照],￥2.00,￥0.00,1,违规举报
2022-07-25订单号: 1626700045209658774 先声再康大药房旗舰店,康王 复方酮康唑发用洗剂 100ml/盒头皮屑真菌感染瘙痒头皮糠疹溢脂性皮炎正品去屑药品拜耳康王药用洗发水 [交易快照],套餐类型：标准装,￥67.00,￥39.00,1,违规举报,￥39.00,(含运费：￥0.00),交易关闭,订单详情
2022-07-24订单号: 1624352448224658774 磁匠旗舰店,强力磁铁圆形纽扣直径5-25mm [交易快照],颜色分类：【高品质强磁】直径25x厚10毫米（2个）,￥44.00,￥22.00,1,违规举报,￥19.00,(含运费：￥0.00),交易关闭,订单详情
2022-07-24订单号: 1624352196458658774 新乐磁业,超大号圆形强力磁铁高强钕铁硼磁王超强磁力吸铁石钕铷汝磁石磁钢 [交易快照],颜色分类：D25x10mm(3个),￥39.00,￥23.00,1,投诉卖家,￥23.00,(含运费：￥0.00),交易关闭,订单详情
2022-07-24订单号: 1624351188458658774 简酷旗舰店,大尺寸 圆形强力磁铁 一件包邮 [交易快照],颜色分类：D25x10mm(1个),￥50.00,￥10.00,1,申请售后,￥7.00,(含运费：￥0.00),交易成功,订单详情,双方已评,追加评论,申请开票
2022-07-24订单号: 1625016146949658774 健美创研旗舰店,【佳埼推荐】3包加大加厚洗脸巾 [交易快照],颜色分类：3包装-加厚款珍珠纹50片,￥38.00,￥15.80,1,申请售后,运费险已出单,￥15.80,(含运费：￥0.00),交易成功,订单详情,双方已评,追加评论,申请开票,保险服务,￥0.00
2022-07-23订单号: 1624884637239658774 味小二食品店,利人奇亚籽坚果代餐藕粉羹 [交易快照],口味：一罐【送杯勺】奇亚籽藕粉,￥24.88,￥19.90,1,投诉卖家,￥17.90,(含运费：￥0.00),交易关闭,订单详情
2022-07-21订单号: 1622954642723658774 漫花旗舰店,漫花家用实惠装24大卷有芯卷纸 [交易快照],套餐类型：套餐四,￥19.90,￥14.90,1,申请售后,运费险已出单,￥9.90,(含运费：￥0.00),交易成功,订单详情,双方已评,追加评论,申请开票,保险服务,￥0.00
2022-07-21订单号: 1623075459465658774 漫花旗舰店,漫花无芯卷纸家用实惠30卷6斤装 [交易快照],套餐类型：套餐一,￥19.90,￥16.99,1,查看退款,投诉商家,退运保险,￥9.99,(含运费：￥0.00),交易关闭,订单详情,申请开票,保险服务,￥0.00
2022-07-16订单号: 1618495574482658774 春琳百货,免打孔纸巾盒挂壁式抽纸盒家用厨房客厅餐厅卧室壁挂式纸巾收纳盒 [交易快照],颜色分类：白色2个,￥19.80,￥9.50,1,申请售后,投诉卖家,￥8.22,(含运费：￥0.00),交易成功,订单详情,双方已评,保险服务,￥0.00
2022-07-16订单号: 1618494998820658774 天天特卖工厂店,免打孔卫生间纸巾盒防水厕所抽纸卷纸盒洗手间收纳浴室置物架壁挂 [交易快照],颜色分类：【组合装】大号白色-【2个装】,本品由义乌市沐涵日用百货有限公司售卖,￥14.85,￥9.90,1,违规举报,退运保险,￥9.90,(含运费：￥0.00),交易关闭,订单详情,保险服务,￥0.00
2022-07-13订单号: 1615150236360658774 麻姑旗舰店,正宗江西特产包邮老字号麻姑米粉 [交易快照],口味：麻姑1.66mm中粗四斤,￥23.00,1,申请售后,￥23.00,(含运费：￥0.00),交易成功,订单详情,双方已评,申请开票
2022-07-13订单号: 1615956819310658774 迈诚食品,嘻螺会广西柳州螺蛳粉 [交易快照],口味：嘻螺会300g*5袋,￥28.50,1,查看退款,投诉卖家,￥24.50,(含运费：￥0.00),交易关闭,订单详情
2022-07-13订单号: 1615956819311658774 麻姑旗舰店,正宗江西特产包邮老字号麻姑米粉 [交易快照],口味：麻姑1.66mm中粗四斤,￥23.00,1,查看退款,投诉商家,￥23.00,(含运费：￥0.00),交易关闭,订单详情,申请开票
2022-07-13订单号: 1615955235485658774 春田花花特产,嘻螺会柳州螺蛳粉网红鲜香辣爽烫 [交易快照],口味：【暴赞推荐】300*5袋,￥57.00,￥28.50,1,查看退款,投诉卖家,退运保险,￥23.50,(含运费：￥0.00),交易关闭,订单详情,保险服务,￥0.00
2022-07-12订单号: 1614418466608658774 洁柔浩久专卖店,洁柔抽纸可湿水家用实惠整箱批发 [交易快照],套餐类型：套餐五,￥59.90,￥18.90,1,申请售后,￥10.90,(含运费：￥0.00),交易成功,订单详情,双方已评,申请开票,现金红包买家秀征集 [交易快照],￥999.00,￥0.00,1,申请售后
2022-07-11订单号: 1613931205638658774 大胃王食品旗舰店,方便面泡面来一桶整箱12正宗夜宵 [交易快照],口味：【3桶】红烧牛肉,￥79.00,￥22.90,1,违规举报,￥12.90,(含运费：￥0.00),交易关闭,订单详情
2022-07-11订单号: 1613926995540658774 大胃王食品旗舰店,白象大辣娇火鸡面韩式风味 [交易快照],口味：【5包】白象火鸡面,￥99.00,￥15.90,1,申请售后,￥12.90,(含运费：￥0.00),交易成功,订单详情,花呗账单,双方已评,申请开票
2022-07-09订单号: 1612518529820658774 大集汇旗舰店,苹果8plus气囊钢化膜iPhone7手机膜8防窥7plus全屏覆盖8p全包边7p八6p六6splus防摔6s蓝光6 [交易快照],适用手机型号：iPhone8plus颜色分类：白色【高清】黑科技气囊抗摔膜*不碎边【3片装】送后膜+镜头膜,￥88.00,￥25.80,1,申请售后,￥25.03,(含运费：￥0.00),交易成功,订单详情,花呗账单,双方已评,申请开票
2022-07-08订单号: 1611438782716658774 傲娇嫩小排,保税仓直发~资生堂 新版男士护肤洁面乳125ml深层清洁洗面奶 控油 [交易快照],￥120.00,1,申请售后,投诉卖家,￥115.21,(含运费：￥0.00,进口税：￥9.61),交易成功,订单详情,花呗账单,双方已评,上传身份证
2022-07-07订单号: 1609724820470658774 潮兴泰数码,适用苹果7代主板螺丝 7P 8代机身螺丝 iPhone8Plus内部螺丝超螺 [交易快照],颜色分类：8P（整套螺丝）,￥2.00,1,申请售后,投诉卖家,￥2.00,(含运费：￥0.00),交易成功,订单详情,双方已评
2022-07-07订单号: 1609607136553658774 潮兴泰数码,适用苹果8代开机排线闪光灯 iPhone8Plus静音键排线音量加减键 8P [交易快照],颜色分类：8P（原装拆机）,￥18.00,1,申请售后,投诉卖家,￥18.00,(含运费：￥0.00),交易成功,订单详情,双方已评
2022-07-04订单号: 2738208060928658774 飞扬3C配件行,适用于苹果8原装外壳 iphoneX XR拆机后壳8Plus中框XSMAX后盖总成 [交易快照],颜色分类：8P中框+后玻璃99（颜色备注）,￥118.00,1,申请售后,投诉卖家,运费险已出单,￥110.00,(含运费：￥0.00),交易成功,订单详情,花呗账单,双方已评,保险服务,￥0.00
2022-07-04订单号: 2738206728889658774 飞扬3C配件行,适用于苹果8原装外壳 iphoneX XR拆机后壳8Plus中框XSMAX后盖总成 [交易快照],颜色分类：8P中框+后玻璃99（颜色备注）,￥118.00,1,查看退款,投诉卖家,退运保险,￥110.00,(含运费：￥0.00),交易关闭,订单详情,保险服务,￥0.00
2022-07-04订单号: 2738205504631658774 飞扬3C配件行,适用于苹果8原装外壳 iphoneX XR拆机后壳8Plus中框XSMAX后盖总成 [交易快照],颜色分类：8P中框+后玻璃99（颜色备注）,￥118.00,1,查看退款,投诉卖家,退运保险,￥110.00,(含运费：￥0.00),交易关闭,订单详情,保险服务,￥0.00
2022-06-23订单号: 1597963873672658774 屏幕智能点击器,连点器屏幕点击器直播点赞抢购 [交易快照],颜色或款式（可自定义）：新款一机二头（充电款）大小描述：5.5*5.5*1.9（cm）,￥68.00,￥39.80,1,投诉卖家,退运保险,￥38.61,(含运费：￥0.00),交易关闭,订单详情,保险服务,￥0.00
2022-06-19订单号: 2708844231837658774 专业技术 为您满意,office软件365苹果for2021mac电脑m1ipad版2019word2016excel教程 [交易快照],付款方式：支持手机/电脑/平板/win/mac,￥10.00,￥3.80,1,申请售后,投诉卖家,￥3.80,(含运费：￥0.00),交易成功,订单详情,双方已评
2022-06-18订单号: 2703846313615658774 奥贝克数码专营店,华为粘贴式超薄车载多功能指环扣 [交易快照],颜色分类：【暗夜绿-纯色支架】收藏加购享优先发货,￥38.00,￥9.80,1,违规举报,退运保险,￥17.64,(含运费：￥0.00),交易关闭,订单详情,华为粘贴式超薄车载多功能指环扣 [交易快照],颜色分类：【经典黑-纯色支架】收藏加购享优先发货,￥38.00,￥9.80,1,违规举报,退运保险,保险服务,￥0.00
2022-06-17订单号: 2702683585172658774 科达威旗舰店,手机指环扣支架创意个性苹果华为壳vivo迷你环指超薄磁吸环扣oppo支撑男女款金属多功能指扣隐形手指车载配件 [交易快照],颜色分类：超薄磁吸指环扣&bull：秒搭车载【深空灰】1片装,￥8.00,￥6.90,1,申请售后,￥6.90,(含运费：￥0.00),交易成功,订单详情,申请开票,保险服务,￥0.00
2022-06-16订单号: 2700607611248658774 拾机网络工作室,Prodrafts会员版解锁PRO功能手写笔记iPad无限可能IOSapp画布软件 [交易快照],颜色分类：prodrafts永久版会员,￥4.88,￥3.88,1,申请售后,投诉卖家,运费险取消,￥3.88,(含运费：￥0.00),交易成功,订单详情,双方已评,保险服务,￥0.00
2022-06-14订单号: 2695667475817658774 道物数码海外购,Apple pencil笔尖原装手写applepencil笔尖头充电转接换器一二代 [交易快照],颜色分类：原装笔尖一只[带卡纸未拆],￥32.90,￥28.90,1,申请售后,投诉卖家,运费险已出单,￥28.33,(含运费：￥0.00),交易成功,订单详情,花呗账单,双方已评,保险服务,￥0.00
2022-06-11订单号: 2688177672332658774 FUNRE帆睿数码,适用iphone6苹果5s 6P 6s 6sp 7 7p尾部8plus原装8 x手机xr底部xs [交易快照],￥8.80,1,投诉卖家,退运保险,￥3.00,(含运费：￥0.00),交易关闭,订单详情,保险服务,￥0.00
2022-06-11订单号: 2689916439361658774 FUNRE帆睿数码,苹果iphoneX震动器7马达8plus振动器7p排线xr纯装xs手机11pro max [交易快照],颜色分类：8plus【2码震动马达】工具,￥40.00,1,查看退款,投诉卖家,退运保险,￥38.80,(含运费：￥0.00),交易关闭,订单详情,保险服务,￥0.00
2022-06-11订单号: 2689890735090658774 FUNRE帆睿数码,苹果iphoneX震动器7马达8plus振动器7p排线xr纯装xs手机11pro max [交易快照],颜色分类：8plus【1码震动马达】工具,￥40.00,1,投诉卖家,退运保险,￥38.80,(含运费：￥0.00),交易关闭,订单详情,保险服务,￥0.00
2022-06-11订单号: 2689890735091658774 鸿蒙通讯数码,适用6代 6p震动器 6s震子 苹果6sp振动7p马达内置振子7静音马达8p [交易快照],颜色分类：8p 震动马达 送工具防水胶,￥32.00,￥31.36,1,投诉卖家,退运保险,￥29.80,(含运费：￥0.00),交易关闭,订单详情,保险服务,￥0.00
2022-06-11订单号: 2689317074012658774 千翼数码,适用苹果iphone7振动器8plus原装马达6sp震动xr振子xsmax线性马达 [交易快照],颜色分类：8p【马达】+赠品,￥58.00,￥45.00,1,投诉卖家,￥44.10,(含运费：￥0.00),交易关闭,订单详情
2022-06-11订单号: 2689011613907658774 潮兴泰数码,适用苹果8代震动马达 8P震动器 iPhone8Plus震动功能振动器马达 [交易快照],颜色分类：8P（需匹配请买运费险）,￥22.00,1,投诉卖家,￥28.00,(含运费：￥6.00),交易关闭,订单详情
2022-06-05订单号: 2676684746190658774 天天特卖工厂店,【狂欢价】乙醇75%酒精消毒液送喷头每瓶500ml大容量居家常备便捷日用品清洁 [交易快照],套餐类型：500ml酒精消毒液*1瓶送喷头,本品由温州市润尔生物科技有限公司售卖,￥9.00,￥5.90,1,申请售后,运费险已出单,￥5.90,(含运费：￥0.00),交易成功,订单详情,双方已评,申请开票,保险服务,￥0.00
2022-06-04订单号: 2676274599346658774 润本旗舰店,会员9.9元限时润本植物精油 [交易快照],￥59.00,￥9.90,1,申请售后,运费险已出单,￥9.61,(含运费：￥0.00),交易成功,订单详情,双方已评,申请开票,保险服务,￥0.00
2022-06-04订单号: 2675725778563658774 咪吖家居专营店,润本驱蚊液喷雾套装防叮咬花露水 [交易快照],颜色分类：1支 , 舒痒舒缓净含量：35ml,￥20.60,￥10.60,1,申请售后,运费险已出单,￥7.60,(含运费：￥0.00),交易成功,订单详情,双方已评,申请开票,【赠品】买家秀征集中：晒三张美图+20个字！ [交易快照],￥3.00,￥0.00,1,申请售后,保险服务,￥0.00
2022-06-03订单号: 2671630311691658774 Apple Store 官方旗舰店,【狂欢价】Apple/苹果 iPhone 13 [交易快照],网络类型：无需合约版机身颜色：粉色存储容量：128GB,￥5999.00,1,违规举报,￥4849.00,(含运费：￥0.00),交易关闭,订单详情
2022-06-01订单号: 2667534807699658774 Apple Store 官方旗舰店,【狂欢价】Apple/苹果 iPhone 13 [交易快照],网络类型：无需合约版机身颜色：星光色存储容量：128GB,￥5999.00,1,违规举报,￥4849.00,(含运费：￥0.00),交易关闭,订单详情
2022-06-01订单号: 2666670949397658774 Apple Store 官方旗舰店,【狂欢价】Apple/苹果 iPhone 13 [交易快照],网络类型：无需合约版机身颜色：粉色存储容量：128GB,￥5999.00,1,违规举报,￥4849.00,(含运费：￥0.00),交易关闭,订单详情
2022-05-28订单号: 2656671984249658774 佐贝卡旗舰店,zuobeika潮牌黑色短袖印花 [交易快照],主要颜色：黑色尺码：L,￥99.00,￥79.00,1,违规举报,￥69.00,(含运费：￥0.00),交易关闭,订单详情
2022-05-25订单号: 2649915288944658774 漫花旗舰店,漫花30大包抽纸整箱批发卫生家用 [交易快照],包装规格：18包,￥39.90,￥22.99,1,违规举报,￥17.99,(含运费：￥0.00),交易关闭,订单详情,保险服务,￥0.00
2022-05-25订单号: 2651756079079658774 漫花旗舰店,漫花抽纸整箱加量加大400张 [交易快照],包装规格：12包,￥32.99,￥25.99,1,违规举报,￥15.99,(含运费：￥0.00),交易关闭,订单详情,保险服务,￥0.00
2022-05-25订单号: 2651132054708658774 植护旗舰店,植护30大包抽纸整箱批发卫生纸巾家用餐巾纸婴儿柔面巾纸擦手纸抽 [交易快照],包装规格：20包,￥49.90,￥27.90,1,申请售后,￥20.90,(含运费：￥0.00),交易成功,订单详情,双方已评,申请开票,保险服务,￥0.00
2022-05-25订单号: 2649896784740658774 漫花康雪专卖店,漫花40包餐巾纸家用整箱抽纸 [交易快照],包装规格：20包,￥43.99,￥21.99,1,查看退款,投诉商家,运费险取消,￥17.26,(含运费：￥0.00),交易关闭,订单详情,申请开票,保险服务,￥0.27
2022-05-25订单号: 2650914217206658774 漫花康雪专卖店,漫花40包餐巾纸家用整箱抽纸 [交易快照],包装规格：20包,￥43.99,￥21.99,1,违规举报,￥16.99,(含运费：￥0.00),交易关闭,订单详情
2022-05-25订单号: 2650909573615658774 漫花康雪专卖店,漫花40包餐巾纸家用整箱抽纸 [交易快照],包装规格：20包,￥43.99,￥21.99,1,违规举报,￥16.99,(含运费：￥0.00),交易关闭,订单详情
2022-05-25订单号: 2649891600150658774 漫花旗舰店,24大包小清新抽纸整箱实惠装批发 [交易快照],包装规格：16包,￥49.90,￥27.99,1,违规举报,退运保险,￥21.99,(含运费：￥0.00),交易关闭,订单详情,保险服务,￥0.00
2022-05-25订单号: 2649872520538658774 洁柔旗舰店,洁柔无香3层10包卫生纸实惠装 [交易快照],￥60.00,￥16.88,1,违规举报,￥14.88,(含运费：￥0.00),交易关闭,订单详情,保险服务,￥0.00
2022-05-24订单号: 2648830356071658774 tb1420877506,pdf书代找帮找电子书资源英文书籍代找电子书pdf找书电子版书籍 [交易快照],￥3.00,￥1.00,2,申请售后,投诉卖家,￥2.00,(含运费：￥0.00),交易成功,订单详情,双方已评
2022-05-22订单号: 2646834050493658774 小冷数码配件基地,适用于苹果按键贴指纹识别解锁iPhone6/7/8p贴纸手机home键保护膜 [交易快照],贴纸颜色：【白底银边】指纹按键贴4个装,￥8.80,1,申请售后,投诉卖家,￥8.80,(含运费：￥0.00),交易成功,订单详情,双方已评
2022-05-21订单号: 2644556797399658774 巴迪高旗舰店,一次性浴巾毛巾纯棉植物纤维旅行 [交易快照],颜色分类：组合装A（毛巾*2+浴巾*1）,￥12.00,￥9.00,2,查看退款,投诉商家,运费险已赔付,垫付（18.00元）,￥39.00,(含运费：￥0.00),交易关闭,订单详情,申请开票,一次性浴巾毛巾纯棉植物纤维旅行 [交易快照],颜色分类：【加厚60%】棉柔浴巾（70*100cm）4条装,￥26.00,￥21.00,1,查看退款,投诉商家,运费险已赔付,垫付（21.00元）,压缩毛巾10颗装-赠品 [交易快照],￥12.00,￥0.00,1,违规举报,保险服务,￥0.00
2022-05-21订单号: 2644555429432658774 巴迪高旗舰店,一次性浴巾毛巾纯棉植物纤维旅行 [交易快照],颜色分类：【加厚60%】棉柔浴巾（70*100cm）4条装,￥26.00,￥21.00,1,查看退款,投诉商家,退运保险,￥21.00,(含运费：￥0.00),交易关闭,订单详情,申请开票,保险服务,￥0.00
2022-05-21订单号: 2644551721304658774 巴迪高旗舰店,一次性浴巾毛巾纯棉植物纤维旅行 [交易快照],颜色分类：组合装A（毛巾*2+浴巾*1）,￥12.00,￥9.00,1,查看退款,投诉商家,退运保险,￥9.00,(含运费：￥0.00),交易关闭,订单详情,申请开票,保险服务,￥0.00
2022-05-21订单号: 2642694590726658774 嘉琦 八年外贸严选,【老美订单4g裸感】【原499现59】【充电仓真无线蓝牙运动耳机】 [交易快照],颜色分类：白色,￥99.00,￥59.00,1,投诉卖家,￥57.23,(含运费：￥0.00),交易关闭,订单详情
2022-05-20订单号: 2642969091074658774 那年花开之时,戒指棒手镯黄金首饰修复工具矫正 [交易快照],颜色分类：圆手镯棒+戒指木棒+胶锤+赠7件套,￥25.00,￥22.50,1,申请售后,投诉卖家,运费险已出单,￥22.05,(含运费：￥0.00),交易成功,订单详情,双方已评,保险服务,￥0.00
2022-05-20订单号: 2641143132469658774 许先生五金工具店,纯银整形修复校正椭圆胶锤戒指棒 [交易快照],颜色分类：圆手镯棒+戒指木棒+胶锤+赠7件套,￥23.00,1,投诉卖家,退运保险,￥22.54,(含运费：￥0.00),交易关闭,订单详情,保险服务,￥0.00
2022-05-19订单号: 2640331441483658774 苏宁易购官方旗舰店,【礼遇价】3包,洗脸巾一次性男女纯加厚棉柔巾洗面擦脸巾干洁面抽取式家庭装 [交易快照],颜色分类：家庭装珍珠纹*3包,￥21.90,￥15.90,1,违规举报,￥15.90,(含运费：￥0.00),交易关闭,订单详情
2022-05-19订单号: 1568553564359658774 和扇堂旗舰店,全竹扇子迷你折叠手工舞蹈中国 [交易快照],颜色分类：19cm-全竹玫瑰原色,￥39.00,￥29.00,1,查看退款,投诉商家,退运保险,￥24.13,(含运费：￥0.00),交易关闭,订单详情,申请开票,保险服务,￥0.00
2022-05-07订单号: 1560485462749658774 mosbo数码旗舰店,苹果8钢化膜iphone 7ip7ip8rplus [交易快照],适用手机型号：iphone 其他型号颜色分类：5.5 苹果7plus/8plus 曲面钻石【白色全屏】高清3片,￥22.80,￥19.80,1,申请售后,￥19.80,(含运费：￥0.00),交易成功,订单详情,双方已评,申请开票,征集买家秀【视频+晒图+20字评语】截图联系客服，领取2元红包 [交易快照],￥35.80,￥0.00,1,申请售后
2022-05-06订单号: 2614781448889658774 原装数码配件小巷,原装正品Apple pencil笔尖苹果二代一代通用转接头笔帽pencil笔尖 [交易快照],颜色分类：原装笔尖【1个装；盒装】,￥25.00,1,申请售后,投诉卖家,运费险已出单,￥24.25,(含运费：￥0.00),交易成功,订单详情,双方已评,保险服务,￥0.00
2022-05-06订单号: 1558534622591658774 快e数码网 金牌卖家,苹果apple pencil笔尖原装一代二代通用iPad手写笔压感笔头防误触 [交易快照],颜色分类：一个笔尖,￥29.00,￥19.00,1,查看退款,投诉卖家,￥19.00,(含运费：￥0.00),交易关闭,订单详情
2022-05-05订单号: 1557529215149658774 小熊宜家宜居专卖店,保鲜食品家用小型压缩真空封口机 [交易快照],颜色分类：标配版-深蓝色,￥379.00,￥189.00,1,违规举报,￥118.00,(含运费：￥0.00),交易关闭,订单详情
2022-05-04订单号: 1556348916890658774 生生妈美妆店,资生堂男士洁面奶温和清爽控油 [交易快照],净含量：125ml,￥169.00,￥139.00,1,申请售后,投诉卖家,￥117.00,(含运费：￥0.00),交易成功,订单详情,双方已评
2022-04-29订单号: 1552200457887658774 拆机货买卖,适用于reno后盖10倍变焦版renoz电池盖reno22z后壳reno33pro后屏 [交易快照],颜色分类：Reno-Z【星辰紫】后盖,￥19.90,1,申请售后,投诉卖家,￥19.31,(含运费：￥0.00),交易成功,订单详情,双方已评
2022-04-24订单号: 1548008112736658774 hello手作,创意diy针织毛线花束仿真向日葵 [交易快照],颜色分类：清新*玫瑰[+包装纸+送教程],￥59.60,￥29.80,1,申请售后,投诉卖家,￥29.80,(含运费：￥0.00),交易成功,订单详情,双方已评
2022-04-19订单号: 1543838124709658774 rbp旗舰店,【特惠任选一件】【请选可备注型号】单拍不发货，随主订单发货 [交易快照],￥39.00,￥10.00,1,申请售后,￥10.00,(含运费：￥0.00),交易成功,订单详情,申请开票
2022-04-19订单号: 1544673902866658774 rbp旗舰店,rbp仿皮简体中文可爱卡通送膜 [交易快照],适用平板电脑型号：iPad Air5(10.9英寸)颜色分类：磁吸搭扣【无膜】图案默认发美元胖柴，其他请备注,￥189.00,￥65.00,1,申请售后,￥56.00,(含运费：￥0.00),交易成功,订单详情,双方已评,申请开票
2022-04-17订单号: 1543369946476658774 闪魔旗舰店,闪魔防蓝光平板全包保护贴膜 [交易快照],适用手机型号：iphone 其他型号颜色分类：iPad air4/air5【电镀加倍抗指纹】1片送神器*10.9寸-,￥68.00,￥28.00,1,申请售后,￥27.16,(含运费：￥0.00),交易成功,订单详情,双方已评,申请开票
2022-04-10订单号: 1536384324351658774 乐普ER旗舰店,乐普ER经期护理仪痛经缓解神器 [交易快照],颜色分类：经期护理仪-白色,￥1599.00,￥999.00,1,查看退款,投诉商家,￥839.00,(含运费：￥0.00),交易关闭,订单详情,申请开票
2022-03-31订单号: 1529732209679658774 水中玉旗舰店,洗脸专用束发带男潮敷面膜捆发箍男士头巾压发男生夏季头套窟头箍 [交易快照],颜色分类：灰色猫朵,￥4.70,￥3.70,1,申请售后,￥3.59,(含运费：￥0.00),交易成功,订单详情,双方已评,申请开票
2022-03-29订单号: 1528139785942658774 Apple Store 官方旗舰店,Apple/苹果 10.9 英寸 iPad Air [交易快照],颜色分类：紫色网络类型：无线局域网机型存储容量：64GB,￥4399.00,1,违规举报,￥4399.00,(含运费：￥0.00),交易关闭,订单详情
2022-03-24订单号: 1524502022213658774 蓝月亮电池,原装HP惠普PAVILION15-cx0065TX 0067TX 0068TX SR03XL笔记本电池 [交易快照],￥138.00,1,申请售后,投诉卖家,￥138.00,(含运费：￥0.00),交易成功,订单详情,双方已评
2022-03-23订单号: 1522975873864658774 er乐普专卖店,乐普ER经期护理仪痛经缓解神器大姨妈肚子疼暖心礼物痛经止疼仪 [交易快照],颜色分类：经期护理仪-紫色,￥1599.00,￥999.00,1,违规举报,￥839.00,(含运费：￥0.00),交易关闭,订单详情
2022-03-15订单号: 1517191899952658774 恒洋原装配件,苹果iPhone6尾插6s送话器6p充电口6sp耳机接口7p原装x排线8p plus [交易快照],颜色分类：8P 【颜色留言】送工具+防水胶,￥168.00,￥49.00,1,申请售后,投诉卖家,￥49.00,(含运费：￥0.00),交易成功,订单详情,双方已评
2022-03-15订单号: 1516295316915658774 恒洋原装配件,苹果iPhone6尾插6s送话器6p充电口6sp耳机接口7p原装x排线8p plus [交易快照],颜色分类：8P 【颜色留言】送工具+防水胶,￥168.00,￥49.00,1,投诉卖家,￥49.00,(含运费：￥0.00),交易关闭,订单详情
2022-03-11订单号: 1513623181362658774 鑫源铭禹家居专营店,生胶刷橡皮擦去污球鞋清洁擦小白鞋反绒翻毛皮刷麂皮刷鞋刷子软毛 [交易快照],颜色分类：榉木去污胶刷,￥29.00,￥19.50,1,违规举报,￥9.50,(含运费：￥0.00),交易关闭,订单详情
2022-03-10订单号: 1512388203913658774 jissbon杰士邦官方旗舰店,杰士邦SKYN极肤玻尿酸避孕套男用超薄安全套官方旗舰店正品非乳胶 [交易快照],颜色分类：【肤感润尝鲜12只】 肤感玻尿酸10+肤感润1*2避孕套规格：其它规格颜色：其它颜色,￥189.00,￥109.00,2,申请售后,￥118.00,(含运费：￥0.00),交易成功,订单详情,双方已评,申请开票
2022-03-08订单号: 1510942371468658774 romantictimes旗舰店,【38活动价】衣柜香薰蜡片衣橱家用室内香味神器持久男士除味衣服香氛片香片包 [交易快照],颜色分类：衣柜香薰{自带香味}香味：可可小姐(天河),￥79.80,￥29.80,1,违规举报,退运保险,￥59.60,(含运费：￥0.00),交易关闭,订单详情,【38活动价】衣柜香薰蜡片衣橱家用室内香味神器持久男士除味衣服香氛片香片包 [交易快照],颜色分类：衣柜香薰{自带香味}香味：乌木沉香(天河) HOT!,￥79.80,￥29.80,1,违规举报,退运保险,保险服务,￥0.00
2022-03-08订单号: 1510884626128658774 锦怡家居旗舰店,【38活动价】小白鞋清洗剂洗鞋神器洗白色鞋子专用去黄刷鞋去污擦鞋懒人清洁剂 [交易快照],颜色分类：洗鞋泡泡粉,￥79.00,￥46.00,1,违规举报,退运保险,￥32.62,(含运费：￥0.00),交易关闭,订单详情,保险服务,￥0.00
2022-03-08订单号: 1510882142045658774 壹念旗舰店,【38活动价】小白鞋清洗剂洗鞋神器泡泡粉擦鞋子去污增白去黄刷鞋子清洁剂专用 [交易快照],颜色分类：1桶+1刷子+1毛巾,￥99.00,￥29.90,1,查看退款,投诉商家,退运保险,￥29.90,(含运费：￥0.00),交易关闭,订单详情,申请开票,保险服务,￥0.00
2022-03-08订单号: 1510014288725658774 俏代美旗舰店,【38活动价】小白鞋清洗剂洗鞋擦鞋神器专用刷鞋清洁剂白球鞋泡沫去污去黄干洗 [交易快照],颜色分类：2瓶装（送清洁工具）,￥34.90,￥24.90,1,查看退款,投诉商家,退运保险,￥20.90,(含运费：￥0.00),交易关闭,订单详情,申请开票,保险服务,￥0.00
2022-03-05订单号: 1507139077330658774 果亦品牌,果亦签字笔商务高档中国风复古金属重手感中性笔企业定制开学礼物 [交易快照],颜色分类：红色色笔单支装（内置黑芯）书写粗细：0.5mm,￥48.80,￥28.80,1,投诉卖家,￥22.94,(含运费：￥0.00),交易关闭,订单详情
2022-03-03订单号: 1503751297920658774 tb593092209,PDF代找电子书中英文大学书籍课本教材图书电子版查找购买下载 [交易快照],￥1.00,2,申请售后,投诉卖家,￥2.00,(含运费：￥0.00),交易成功,订单详情,双方已评
2022-03-01订单号: 1502579209762658774 花姐品牌百货,纳姐通用款压缩袋电动泵抽气泵抽真空机收纳被子学生宿舍用家用 [交易快照],颜色分类：通用款低音电泵50W[学生宿舍专用],￥19.80,1,查看退款,投诉卖家,￥17.41,(含运费：￥0.00),交易关闭,订单详情
2022-02-23订单号: 1495960539742658774 哲堡旗舰店,小白鞋鞋带适配匡威AJ1空军一号AF1篮球鞋扁平男女帆布鞋绳黑白色 [交易快照],颜色分类：3双装 双层白色120cm （常用6对鞋孔）长度：均码,￥5.90,1,申请售后,￥5.90,(含运费：￥0.00),交易成功,订单详情,双方已评,申请开票
2022-02-22订单号: 1495068781619658774 mosbo数码旗舰店,【开学价】苹果8钢化膜iphone7全屏覆盖plus全面屏7p手机iPhone8p全包边ip7七i7无白边ip8八i [交易快照],适用手机型号：iphone 其他型号颜色分类：5.5 苹果7plus/8plus 曲面钻石【白色全屏】高清3片,￥29.80,￥19.80,1,申请售后,￥19.80,(含运费：￥0.00),交易成功,订单详情,双方已评,申请开票,征集买家秀【视频+晒图+20字评语】截图联系客服，领取2元红包 [交易快照],￥35.80,￥0.00,1,申请售后
2022-02-21订单号: 1493906451643658774 天天特卖工厂店,透明胶带大号宽胶带快递打包封箱带批发封口胶布淘宝警示语胶纸大卷封箱胶带宽4.5/6cm胶带封箱高粘墙面无痕 [交易快照],颜色分类：透明45mm*50m*1卷,本品由浙江易合包装有限公司售卖,￥5.32,￥3.80,1,违规举报,￥3.80,(含运费：￥0.00),交易关闭,订单详情
2022-02-20订单号: 1492808451985658774 jackclaude内衣旗舰店,顺丰包邮包皮术后内裤儿童割包皮手术保护套专用护理裤男孩保护罩 [交易快照],颜色分类：1条 花色随机尺码：180码/130-150斤,￥49.00,￥39.90,1,查看退款,投诉商家,垫付（39.90元）,￥39.90,(含运费：￥0.00),交易关闭,订单详情,申请开票
2022-02-19订单号: 1492492011711658774 闪魔旗舰店,闪魔适用于小米9钢化膜9se小米9pro全屏覆盖cc9九高清cc9e手机玻璃贴膜抗蓝光美图定制版无白边防指纹防爆摔 [交易快照],适用手机型号：小米9颜色分类：【电镀加倍抗指纹】2片*送神器,￥38.00,￥15.80,1,查看退款,申请售后,￥15.33,(含运费：￥0.00),交易成功,订单详情,双方已评,申请开票
2022-02-19订单号: 1492240262507658774 纯姿饰品旗舰店,亚克力发抓夹大号头发夹子头饰后脑勺发夹韩国优雅气质发卡鲨鱼夹 [交易快照],颜色分类：浅紫色,￥6.80,￥3.50,1,申请售后,￥3.50,(含运费：￥0.00),交易成功,订单详情,双方已评,申请开票
2022-02-14订单号: 1488362342765658774 苏宁易购官方旗舰店,【礼遇价】当天发货」芙丽芳丝洗面奶100g氨基酸系净润洗面霜男女敏感肌1359 [交易快照],￥150.00,￥99.00,1,查看退款,申请售后,￥94.00,(含运费：￥0.00),交易成功,订单详情,花呗账单,申请开票
2022-02-14订单号: 1487999857039658774 LuPrice晓晓自制,慵懒风软糯毛衣女早春内搭新款设计感小众圆领渐变色中长款针织衫 [交易快照],颜色分类：灰蓝渐变色尺码：S[85-105斤],￥139.00,￥119.00,1,查看退款,投诉卖家,运费险已赔付,垫付（112.63元）,￥112.63,(含运费：￥0.00),交易关闭,订单详情,保险服务,￥0.00
2022-02-14订单号: 2468037241665658774 星梦天堂品牌店,沙雕胖虎为难公仔玩偶创意本命虎年搞怪毛绒玩具情人节礼物送女友 [交易快照],颜色分类：胖虎为难高度：约28厘米【金冠店铺，订阅收藏】,￥37.25,￥29.80,1,查看退款,投诉卖家,退运保险,￥29.73,(含运费：￥0.00),交易关闭,订单详情,保险服务,￥0.00
2022-02-14订单号: 2467844893786658774 天猫国际进口超市国内现货,【礼遇价】【国内专柜】日本资生堂男士洗面膏125ml洁面保湿不紧绷补水正品 [交易快照],规格类型：单支装净含量：125ml,￥299.00,￥158.00,1,查看退款,投诉商家,运费险已出单,￥139.00,(含运费：￥0.00),交易关闭,订单详情,申请开票,保险服务,￥0.00
2022-02-12订单号: 2464883641604658774 丸美家,冬季中长款韩系粉色双面羊绒大衣女高端100纯羊毛时尚毛呢子外套 [交易快照],颜色分类：黑色尺码：S,￥1698.00,￥499.00,1,查看退款,投诉卖家,运费险已赔付,垫付（479.00元）,￥479.00,(含运费：￥0.00),交易关闭,订单详情,保险服务,￥0.00
2022-02-12订单号: 2464883641605658774 古瘦旗舰店,黑色高端双面羊绒呢子大衣女中长款2021年秋冬新款赫本风毛呢外套 [交易快照],颜色分类：黑色尺码：S,￥1298.00,￥428.00,1,查看退款,投诉商家,运费险已赔付,垫付（427.88元）,￥427.88,(含运费：￥0.00),交易关闭,订单详情,申请开票,保险服务,￥0.00
2022-02-12订单号: 2464279237257658774 雪中飞官方旗舰店,雪中飞2021秋冬新款女士时尚连帽可拆卸狐狸毛领时尚中长款羽绒服 [交易快照],颜色分类：豆绿色,4186尺码：165/88A[(M)],￥2649.00,￥929.00,1,查看退款,投诉商家,退运保险,垫付（494.45元）,￥494.45,(含运费：￥0.00),交易关闭,订单详情,申请开票,保险服务,￥0.00
2022-02-11订单号: 2460938256617658774 天天特卖工厂店,摩托车车罩电动车防晒防雨罩电瓶车遮阳防尘加厚防霜雪125车套罩 [交易快照],尺码：2XL颜色分类：亮银色【升级牛津加厚】加强款,本品由东莞骑点科技有限公司售卖,￥50.80,￥33.80,1,申请售后,运费险已出单,￥33.80,(含运费：￥0.00),交易成功,订单详情,双方已评,申请开票,保险服务,￥0.00
2022-02-08订单号: 2456945138361658774 龙晨展示包装,高档松木实木近视眼镜架眼镜展示架原木质太阳镜陈列支架子 包邮 [交易快照],颜色分类：原木单排1付,￥2.50,1,申请售后,投诉卖家,￥2.50,(含运费：￥0.00),交易成功,订单详情,双方已评
2022-02-08订单号: 2455464168187658774 romantictimes旗舰店,【春节不打烊】精油香薰蜡烛熏香安神助眠家用小众室内持久卧室睡眠浪漫情调香氛 [交易快照],颜色分类：可可小姐 新品！燃香显诗 HOT!,￥91.80,￥45.80,1,违规举报,退运保险,￥44.43,(含运费：￥0.00),交易关闭,订单详情,保险服务,￥0.00
2022-02-08订单号: 2455418556688658774 波昂旗舰店,大号勃艮第红酒杯套装家用奢华创意水晶玻璃大肚醒酒器葡萄高脚杯 [交易快照],颜色分类：【原装彩盒】水晶407/2只装【送开瓶器+杯刷】,￥70.00,￥35.00,1,违规举报,￥35.00,(含运费：￥0.00),交易关闭,订单详情,亲亲，晒图联系客服领取5元现金红包！！！！必看福利..... [交易快照],￥5.00,￥0.00,1,违规举报
2022-02-08订单号: 2455418448033658774 fawles弗罗萨家居旗舰店,大号勃艮第红酒杯套装家用奢华创意水晶玻璃大肚醒酒器葡萄高脚杯 [交易快照],颜色分类：【郁金香】红酒杯 360ML*2支,￥56.70,￥18.90,1,查看退款,投诉商家,运费险已赔付,￥10.34,(含运费：￥0.00),交易关闭,订单详情,申请开票,保险服务,￥0.00
2022-02-08订单号: 2456204257181658774 菜波数码专营店,立体奶茶叮当猫opporeno手机壳女款reno2z卡通renoz液态软硅胶个性创意新款全包防摔10倍变焦版可爱时尚 [交易快照],颜色分类：【RenoZ】蓝灰色-奶茶叮当+送挂绳,￥68.00,￥13.80,2,申请售后,￥27.60,(含运费：￥0.00),交易成功,订单详情,双方已评,申请开票
2022-02-08订单号: 2457176907543658774 轩博盈手机零件,适用于小米9/9se原装后盖玻璃探索版小米cc9/cc9e后盖原装拆机壳 [交易快照],颜色分类：小米9 （拆机99+）后盖-炫彩紫[真正原厂原装],￥65.00,1,查看退款,投诉卖家,退运保险,￥65.00,(含运费：￥0.00),交易关闭,订单详情,保险服务,￥0.00
2022-02-08订单号: 2456558822020658774 轩博盈手机零件,适用于小米9/9se原装后盖玻璃探索版小米cc9/cc9e后盖原装拆机壳 [交易快照],颜色分类：小米9 （拆机99+）后盖-炫彩蓝[真正原厂原装],￥65.00,1,查看退款,投诉卖家,退运保险,￥65.00,(含运费：￥0.00),交易关闭,订单详情,保险服务,￥0.00
2022-02-08订单号: 2456555115989658774 暴富只要一个梦,冠军蚂蚁棉衣男士潮流港风棉袄新款羽绒棉服冬季加肥加大加厚外套 [交易快照],颜色：字母黑色[热销]尺码：L,￥598.00,￥166.00,1,查看退款,投诉卖家,运费险已赔付,￥166.00,(含运费：￥0.00),交易关闭,订单详情,保险服务,￥0.00
2022-02-08订单号: 2456555799615658774 lilbetter旗舰店,Lilbetter男士羽绒服2021新款冬季外套情侣冬装克莱因蓝羽绒衣LB [交易快照],颜色：黑色尺码：175/L,￥819.00,￥639.00,1,申请售后,￥309.00,(含运费：￥0.00),交易成功,订单详情,花呗账单,双方已评,申请开票,保险服务,￥0.00
2022-02-06订单号: 2452445892031658774 华元宠物用品专营店,【春节不打烊】猫玩具自嗨猫薄荷仿真鱼幼猫磨牙猫咬猫咪小猫逗猫棒宠物猫猫用品 [交易快照],颜色分类：鲤鱼小号,￥9.90,￥8.90,1,申请售后,￥25.70,(含运费：￥0.00),交易成功,订单详情,双方已评,申请开票,【春节不打烊】猫玩具球自嗨解闷神器不倒翁逗猫棒耐咬幼猫自动逗猫器猫猫用品 [交易快照],颜色分类：招财猫逗猫棒-湖蓝,￥21.90,￥19.80,1,申请售后
2022-01-24订单号: 2434808808279658774 新创科技配件行,适用12 11pro 6代6S 7代 8代 XS MAX XR前后置摄像头延长测试排线 [交易快照],颜色分类：8P大像头测试排线[双条],￥17.00,1,查看退款,投诉卖家,退运保险,￥20.49,(含运费：￥4.00),交易关闭,订单详情,保险服务,￥0.00
2022-01-24订单号: 2436913767953658774 长城通讯数码,适用于苹果iphone8Plus后置摄像头8代原装后像头8P双摄像大照相头 [交易快照],颜色分类：8Plus后置【纯原装】带工具,￥290.00,1,查看退款,投诉卖家,￥288.00,(含运费：￥0.00),交易关闭,订单详情
2022-01-24订单号: 2436266990860658774 长城通讯数码,适用苹果iPhone边键小圆铁垫片6SP 7代 6 Plus6SP 开机音量键垫片 [交易快照],颜色分类：7/7P边键小圆垫片,￥0.30,4,投诉卖家,￥348.40,(含运费：￥5.00),交易关闭,订单详情,适用苹果iPhone11pro全套螺丝6SP 7代6Plus5S 8代XSMAXXR尾插螺丝 [交易快照],颜色分类：8P全套螺丝,￥2.50,1,投诉卖家,长城适用6代6P 6s 6sp 7 7Plus 8代 8P X XSMax XR全新零循环电池 [交易快照],颜色分类：8P电池【高品质】,￥49.00,1,投诉卖家,适用苹果后置摄像头海绵垫7代 7plus 8 8P X XSMax XR 相框防尘绵 [交易快照],颜色分类：8P后摄像头泡棉,￥0.20,2,投诉卖家,碳纤维塑料拆机撬棒 防静电拆机棒手机电脑排线显示屏拆机工具 [交易快照],颜色分类：碳纤维塑料拆机撬棒（黑）,￥0.80,1,投诉卖家,适用 苹果iPhone电池胶贴 6S P 7 代 6 Plus 6SP 5S 8P X 双面胶 [交易快照],颜色分类：8P电池胶,￥0.50,2,投诉卖家,适用 苹果三星小米华为魅族 手机取卡针 取卡器卡针 SIM卡取卡针 [交易快照],颜色分类：SIM取卡针,￥0.10,5,投诉卖家,适用于苹果iphone8Plus后置摄像头8代原装后像头8P双摄像大照相头 [交易快照],颜色分类：8Plus后置【纯原装】带工具,￥290.00,1,投诉卖家
2022-01-24订单号: 2436263894440658774 长城通讯数码,适用于苹果iphone8Plus后置摄像头8代原装后像头8P双摄像大照相头 [交易快照],颜色分类：8Plus后置【纯原装】带工具,￥290.00,1,投诉卖家,￥288.00,(含运费：￥0.00),交易关闭,订单详情
2022-03-11订单号: 1513623181362658774 鑫源铭禹家居专营店,生胶刷橡皮擦去污球鞋清洁擦小白鞋反绒翻毛皮刷麂皮刷鞋刷子软毛 [交易快照],颜色分类：榉木去污胶刷,￥29.00,￥19.50,1,违规举报,￥9.50,(含运费：￥0.00),交易关闭,订单详情
2022-01-24订单号: 2436263714482658774 原装相头批发老店,适用苹果8p后像头iphone7plus原装7代 11 X XR后置XS MAX双摄像头 [交易快照],颜色分类：8P【纯原装无修】带工具,￥283.00,1,投诉卖家,￥283.00,(含运费：￥0.00),交易关闭,订单详情
2022-01-24订单号: 2435933161278658774 新创科技配件行,适用12 11pro 6代6S 7代 8代 XS MAX XR前后置摄像头延长测试排线 [交易快照],颜色分类：8P大像头测试排线[双条],￥17.00,1,查看退款,投诉卖家,退运保险,￥20.49,(含运费：￥4.00),交易关闭,订单详情,保险服务,￥0.00
2022-01-22订单号: 2433453409268658774 袋鼠真皮女包正品店,袋鼠真皮女包2021新款中年妈妈夏季简约百搭时尚牛皮单肩斜挎软包 [交易快照],颜色分类：黑色【正品：芭藜袋鼠】[（品牌授权）],￥158.00,￥69.00,1,查看退款,投诉卖家,运费险已赔付,垫付（64.00元）,￥64.00,(含运费：￥0.00),交易关闭,订单详情,保险服务,￥0.00
2022-01-22订单号: 2432333052418658774 袋鼠专柜品牌店,袋鼠正品真皮包包2021新款中年妈妈女士单肩斜挎包牛皮小包包软皮 [交易快照],颜色分类：黑色[（真皮授权）],￥199.00,￥128.00,1,查看退款,投诉卖家,运费险已赔付,垫付（117.94元）,￥117.94,(含运费：￥0.00),交易关闭,订单详情,保险服务,￥0.00
2022-01-22订单号: 2430916956348658774 赞荣快印,打印资料网上打印黑白a4装订书本复印资料快印印刷彩色淘宝服务店 [交易快照],￥10.00,1,申请售后,投诉卖家,￥14.60,(含运费：￥0.00),交易成功,订单详情,双方已评
2022-01-19订单号: 2426059765743658774 orderoll旗舰店,【年货价】小米9手机壳米9pro5g版液态硅胶mi9se保护套por镜头全包防摔9p软壳ml九网红m9es男女外壳创 [交易快照],颜色分类：小米9【薰衣草灰】,￥10.00,￥5.90,1,申请售后,￥5.90,(含运费：￥0.00),交易成功,订单详情,双方已评,申请开票
2022-01-17订单号: 2422157761183658774 小贝熊电器旗舰店,小贝熊磨粉机家用小型打粉机超细研磨器电动破碎机五谷中药粉碎机 [交易快照],颜色分类：星海篮【2年换新】,￥99.00,￥69.90,1,查看退款,投诉商家,运费险已出单,￥59.90,(含运费：￥0.00),交易关闭,订单详情,申请开票,保险服务,￥0.00
2022-01-16订单号: 2420698503477658774 将顿旗舰店,【年货价】将顿适用于小米9电池原装大容量 小米9pro扩容4000mah手机原厂电板小米九魔改MI9 米9 M9 F [交易快照],颜色分类：小米9电池(不锁容)【高容款★4100毫安】支持27W有线充/20W无线充,￥120.00,￥50.00,1,违规举报,退运保险,￥50.00,(含运费：￥0.00),交易关闭,订单详情,保险服务,￥0.00
2022-01-11订单号: 2406271394870658774 聚亲汇影旗舰店,资料打印网上复印黑白彩印彩色A4图文快印A3印刷书籍装订服务淘宝 [交易快照],￥10.00,1,申请售后,￥22.00,(含运费：￥12.00),交易成功,订单详情,双方已评
2022-01-11订单号: 2404785672989658774 每元服务旗舰店,网上打印资料打印服务黑白a4彩色打印复印彩印书本印刷装订快印店 [交易快照],￥10.00,1,申请售后,￥19.00,(含运费：￥9.00),交易成功,订单详情,双方已评
2021-12-31订单号: 2378590848513658774 李医生化妆品旗舰店,【跨年狂欢】李医生护手霜女滋润保湿补水嫩肤不油腻便携小巧随身秋冬季防干裂 [交易快照],￥60.00,￥26.90,1,申请售后,￥26.90,(含运费：￥0.00),交易成功,订单详情,双方已评,申请开票
2021-12-29订单号: 2374938289256658774 天天特卖工厂店,尚岛宜家家用平口厨房垃圾袋加厚特大厚手提式塑料袋淘工厂 [交易快照],厚薄：加厚颜色分类：黑色手提垃圾袋100只50*65买二送100只平口袋,本品由蚌埠尚岛宜家日用品科技工业有限公司售卖,￥11.70,￥7.80,1,申请售后,￥7.80,(含运费：￥0.00),交易成功,订单详情,双方已评,申请开票
2021-12-24订单号: 2363534715727658774 杉宝文具礼品,迷你简约电子表学生考试用便携式钥匙扣表数显背包挂表奖品护士表 [交易快照],颜色分类：三角形白色,￥5.80,￥4.80,1,申请售后,投诉卖家,￥4.66,(含运费：￥0.00),交易成功,订单详情,双方已评
2021-12-20订单号: 2351359874146658774 鸭鸭官方旗舰店,鸭鸭冬季新款商务羽绒服男短款羊毛翻领厚外套中老年爸爸装Q [交易快照],颜色：黑色尺码：XL,￥659.00,￥299.00,1,申请售后,￥279.00,(含运费：￥0.00),交易成功,订单详情,双方已评,申请开票
2021-12-20订单号: 2350181270020658774 天天特卖工厂店,真空旅行分装瓶化妆品按压式水乳液护肤品小样分装便携喷瓶喷雾瓶 [交易快照],颜色分类：普通款喷雾瓶50ml 2个（赠标签+漏斗）,本品由义乌市缕露工艺品有限公司售卖,￥4.80,￥3.20,1,申请售后,￥3.20,(含运费：￥0.00),交易成功,订单详情,双方已评,申请开票
2021-12-20订单号: 2348594100052658774 天天特卖工厂店,真空旅行分装瓶化妆品按压式便携式护肤品小样分装喷瓶乳液喷雾瓶 [交易快照],颜色分类：【套装更划算】30ml真空乳液（2个）,本品由义乌市芳成日用品有限公司售卖,￥10.20,￥6.80,1,违规举报,退运保险,￥6.80,(含运费：￥0.00),交易关闭,订单详情,保险服务,￥0.00
2021-12-20订单号: 2349767089372658774 天天特卖工厂店,真空旅行分装瓶化妆品按压式水乳液护肤品小样分装便携喷瓶喷雾瓶 [交易快照],颜色分类：普通款喷雾瓶50ml 2个（赠标签+漏斗）,本品由义乌市缕露工艺品有限公司售卖,￥4.80,￥3.20,1,查看退款,投诉商家,￥3.20,(含运费：￥0.00),交易关闭,订单详情,申请开票
2021-12-19订单号: 2348561413813658774 urbanwave旗舰店,野餐垫春游防潮垫野餐布户外便携防水草野炊地垫子郊游加厚ins风 [交易快照],颜色分类：〖ins网红同款〗黄色大格子200*200cm【可围坐8人,￥139.00,￥36.00,1,申请售后,￥24.00,(含运费：￥0.00),交易成功,订单详情,双方已评,申请开票
2021-12-19订单号: 2347236900937658774 鸭鸭官方旗舰店,鸭鸭冬季新款商务羽绒服男短款羊毛翻领厚外套中老年爸爸装Q [交易快照],颜色：黑色尺码：XL,￥659.00,￥299.00,1,违规举报,￥279.00,(含运费：￥0.00),交易关闭,订单详情
2021-12-19订单号: 2349496911763658774 鸭鸭官方旗舰店,鸭鸭羽绒服男2020新款纯色修身短款翻领商务保暖中老年爸爸装外套 [交易快照],颜色：黑色【DRM07B0100】尺码：XL,￥659.00,￥499.00,1,违规举报,退运保险,￥299.00,(含运费：￥0.00),交易关闭,订单详情,保险服务,￥0.00
2021-12-19订单号: 2347236216952658774 鸭鸭官方旗舰店,鸭鸭2021年冬季新款商务羽绒服男短款羊毛翻领厚外套中老年爸爸装 [交易快照],颜色：DRM07B0100黑色尺码：XL,￥789.00,￥559.00,1,违规举报,退运保险,￥359.00,(含运费：￥0.00),交易关闭,订单详情,保险服务,￥0.00
2021-12-19订单号: 2348378893688658774 barpa护肤美妆,Barpa韩国Dr.Jart蒂佳婷面膜drjart蓝色胶囊药丸面膜补水保湿提亮 [交易快照],颜色分类：V7面膜-活颜提亮保湿亮白5片/盒[海外发货时效稍慢],￥75.00,￥52.00,1,申请售后,投诉卖家,￥96.50,(含运费：￥0.00),交易成功,订单详情,双方已评,Barpa韩国Dr.Jart蒂佳婷面膜drjart蓝色胶囊药丸面膜补水保湿提亮 [交易快照],颜色分类：橙白色-保湿提亮dan斑5片/盒[海外发货时效稍慢],￥75.00,￥48.00,1,申请售后,投诉卖家
2021-12-19订单号: 2347183548404658774 barpa护肤美妆,Barpa韩国Dr.Jart蒂佳婷面膜drjart蓝色胶囊药丸面膜补水保湿提亮 [交易快照],颜色分类：橙白色-保湿提亮dan斑5片/盒[海外发货时效稍慢],￥75.00,￥48.00,2,查看退款,投诉卖家,￥180.95,(含运费：￥0.00),交易关闭,订单详情,Barpa韩国Dr.Jart蒂佳婷面膜drjart蓝色胶囊药丸面膜补水保湿提亮 [交易快照],颜色分类：V7面膜-活颜提亮保湿亮白5片/盒[海外发货时效稍慢],￥75.00,￥52.00,2,查看退款,投诉卖家
2021-12-19订单号: 2348167287964658774 天天特卖工厂店,挂钩强力承重粘胶贴浴室壁挂墙壁无痕门后挂钩免打孔吸盘厨房粘钩 [交易快照],颜色分类：强力透明款【10个装】家庭常用,本品由泉州市新亮日用品有限公司售卖,￥5.55,￥3.70,1,申请售后,￥3.70,(含运费：￥0.00),交易成功,订单详情,双方已评,申请开票
2021-12-19订单号: 2347115617530658774 裕航旗舰店,挂钩强力粘胶墙壁挂墙上承重吸盘无痕钉架厨房免打孔勾子粘贴粘钩 [交易快照],颜色分类：特价装?加厚强力粘胶（透明10个装）,￥29.90,￥9.90,1,违规举报,￥8.90,(含运费：￥0.00),交易关闭,订单详情
2021-12-18订单号: 2346465422315658774 和聚车品专营店,引磁片贴片磁性车载手机支架磁力手机磁吸贴片汽车用磁铁片粘贴式 [交易快照],颜色分类：【直径3cm】20片装送隔离膜,￥3.50,1,申请售后,￥3.43,(含运费：￥0.00),交易成功,订单详情,双方已评,申请开票
2021-12-18订单号: 2346446198121658774 境川浔旗舰店,圣诞节苹果袋平安夜苹果礼盒平安果包装盒儿童小礼品糖果袋礼物袋 [交易快照],颜色分类：中号红色老人礼物袋,￥26.00,￥9.80,1,申请售后,￥8.51,(含运费：￥0.00),交易成功,订单详情,双方已评,申请开票
2021-12-17订单号: 2344568151446658774 和聚车品专营店,引磁片贴片磁性车载手机支架磁力手机磁吸贴片汽车用磁铁片粘贴式 [交易快照],颜色分类：【直径3cm】20片装送隔离膜,￥3.50,1,违规举报,￥3.43,(含运费：￥0.00),交易关闭,订单详情
2021-12-17订单号: 2344568151447658774 磁匠旗舰店,背胶强力磁铁高强度条形长方形圆形磁铁贴片小号强磁吸铁石贴片器 [交易快照],颜色分类：圆形10mm*1.5mm（20个）送背胶,￥15.00,￥4.90,1,违规举报,￥4.90,(含运费：￥0.00),交易关闭,订单详情
2021-12-16订单号: 2340778539533658774 庆联旗舰店,老式篦子篦梳去去除梳梳子超密齿细加密虱子抓刮头儿童去除卵虮子 [交易快照],颜色分类：2条装混款-（1条带把+1条不带把））,￥8.43,￥5.90,1,申请售后,￥4.90,(含运费：￥0.00),交易成功,订单详情,双方已评,申请开票
2021-12-12订单号: 2328324086972658774 力优数码专营店,【天猫双12】高压气罐压缩空气罐单反相机镜头清洗电脑键盘清洁清理喷雾笔记本风扇高压气体除尘罐套装气吹灰尘清洁剂工具 [交易快照],￥14.80,1,申请售后,运费险已出单,￥14.80,(含运费：￥0.00),交易成功,订单详情,花呗账单,双方已评,申请开票,保险服务,￥0.00
2021-12-12订单号: 1452449713039658774 鑫鑫小屋手表店,正品奥利妮男士手表2021新款休闲时尚日历男士腕表潮流皮带石英表 [交易快照],颜色分类：玫瑰金壳白面黑带男款,￥498.00,￥153.00,1,退款关闭,投诉卖家,运费险已赔付,垫付（146.71元）,￥146.71,(含运费：￥0.00),交易关闭,订单详情,保险服务,￥0.00
2021-12-12订单号: 1452345387160658774 艾斯尼家居旗舰店,【天猫双12】人体感应小夜灯家用过道楼梯声控智能楼道光控长条床头灯衣柜充电 [交易快照],颜色分类：140mm充电款黄光 【人体感应】2只装,￥41.60,￥18.80,1,申请售后,运费险已出单,￥15.80,(含运费：￥0.00),交易成功,订单详情,花呗账单,双方已评,申请开票,保险服务,￥0.00
2021-12-11订单号: 1451536573340658774 tb9230064676的小店,【即拍即用/非充值】baidu网盘30天一个月会员超级svip [交易快照],￥7.80,1,申请售后,投诉卖家,￥7.80,(虚拟物品),交易成功,订单详情,双方已评
2021-12-10订单号: 2317567788230658774 夕姿旗舰店,除潮防潮干燥剂去湿除湿袋吸潮湿衣物柜室内房间宿舍吸水神器家用 [交易快照],￥39.00,￥9.90,2,申请售后,￥19.80,(含运费：￥0.00),交易成功,订单详情,花呗账单,双方已评,申请开票
2021-12-09订单号: 2316844189952658774 韧时代先锋店,高压气罐压缩气体罐空气罐除尘罐相机镜头笔记本电脑风扇键盘清灰 [交易快照],￥12.68,1,查看退款,投诉卖家,￥12.68,(含运费：￥0.00),交易关闭,订单详情
2021-12-06订单号: 2307694140216658774 资莱皙旗舰店,空气清新剂室内厕所除臭香味神器持久留香家用卧室卫生间除味香薰 [交易快照],颜色分类：02#盐盐冷棉【拍下选赠品】,￥128.00,￥28.40,1,申请售后,￥28.40,(含运费：￥0.00),交易成功,订单详情,花呗账单,双方已评,申请开票,03#多肉葡萄 [交易快照],￥168.00,￥0.00,1,申请售后
2021-12-06订单号: 2309222055884658774 咕噜质选,高压气罐压缩空气罐强力除尘罐气体电脑键盘单反相机镜头清灰清洁 [交易快照],￥9.80,1,申请售后,投诉卖家,￥9.31,(含运费：￥0.00),交易成功,订单详情,花呗账单,双方已评
2021-12-02订单号: 2300341611385658774 百度网盘会员ˇ迅雷白金黄金会员,24小时百度网盘超级SVIP会员云盘极速下载1天加速 非激活码下载卷 [交易快照],￥0.88,1,投诉卖家,￥0.88,(虚拟物品),交易关闭,订单详情
2021-12-02订单号: 2299638386380658774 小飞飞爱飞机8的小店,【自动发货】1天百度超级SVIP网盘会员解压倍速播放极速下载 [交易快照],￥0.80,1,申请售后,投诉卖家,￥0.80,(虚拟物品),交易成功,订单详情,花呗账单,双方已评
2021-11-24订单号: 2277065629417658774 M193科技,适用OPPO reno后盖原装玻璃Reno2手机后盖电池盖RenoZ十倍版后屏 [交易快照],颜色分类：Reno Z玻璃后盖【星辰紫】[带辅料散热贴],￥35.00,1,申请售后,投诉卖家,￥34.30,(含运费：￥0.00),交易成功,订单详情,花呗账单,双方已评
2021-11-22订单号: 2269809108094658774 muzhilin旗舰店,【薇垭推荐】暖脚神器办公室桌下取暖器冬天暖腿暖脚垫过冬暖脚宝 [交易快照],颜色分类：数显款+暖脚垫-数字开关-五档控温-8小时定时【送毛毯】,￥398.00,￥178.00,1,违规举报,￥158.00,(含运费：￥0.00),交易关闭,订单详情
2021-11-22订单号: 2272169631919658774 木之林旗舰店,木之林暖脚宝办公室桌下取暖神器过冬暖腿电发热毯保暖捂脚加热垫 [交易快照],颜色分类：数显款-数字开关-五档控温-8小时定时（送毛毯）,￥208.00,￥158.00,1,违规举报,￥138.00,(含运费：￥0.00),交易关闭,订单详情
2021-11-14订单号: 2251275876088658774 阿里健康大药房,SHINEWAY/神威藿香正气软胶囊24粒中暑解表化湿肠胃不适理气和中 [交易快照],套餐类型：标准装1盒,￥28.70,￥19.80,1,违规举报,￥19.80,(含运费：￥0.00),交易关闭,订单详情
2021-11-11订单号: 2243686284727658774 韩国小妞妞,韩国FCMM羽绒服徐梦洁同款棉服加厚宽松男女情侣短款面包服外套冬 [交易快照],颜色分类：白色尺码：S,￥688.00,￥238.00,1,查看退款,投诉卖家,退运保险,￥193.00,(含运费：￥0.00),交易关闭,订单详情,保险服务,￥0.00
2021-11-11订单号: 2246003751731658774 National tide AW,FCMM羽绒服官网白鸭绒冬季徐梦洁同款面包棉服短款加厚棉衣外套冬 [交易快照],颜色分类：白色尺码：S[80-120斤],￥536.00,￥268.00,1,投诉卖家,退运保险,￥233.00,(含运费：￥0.00),交易关闭,订单详情,保险服务,￥0.00
2021-11-11订单号: 2245111850221658774 CC全球优选店,现货FCMM羽绒服韩国代购冬季徐梦洁杨超越同款男女加厚情侣棉衣 [交易快照],颜色分类：本白色[国内仓现货速发]尺码：M[90-125斤],￥699.00,￥369.00,1,查看退款,投诉卖家,退运保险,￥280.00,(含运费：￥0.00),交易关闭,订单详情,保险服务,￥0.00
2021-11-11订单号: 2244650725066658774 韩国海外折扣店,韩国潮牌FCMM羽绒服徐梦洁男女面包棉服宽松加厚冬季情侣棉衣外套 [交易快照],颜色分类：白色[FCMM]尺码：S,￥358.00,￥286.00,1,投诉卖家,退运保险,￥231.00,(含运费：￥0.00),交易关闭,订单详情,保险服务,￥0.00
2021-11-11订单号: 2243548152188658774 潮牌专购,2021新款羽绒服女REUS FCMM冬季加厚棉服男女徐梦洁同款短款外套 [交易快照],颜色分类：黑色尺码：S,￥388.00,￥248.00,1,投诉卖家,退运保险,￥223.00,(含运费：￥0.00),交易关闭,订单详情,保险服务,￥0.00
2021-11-11订单号: 2245148930317658774 ADER ERROR网上折扣店,韩国FCMM羽绒服2021棉服加厚男女情侣款面包服宽松外套徐梦洁同款 [交易快照],颜色分类：白色尺码：S[100-125],￥268.00,1,投诉卖家,退运保险,￥218.00,(含运费：￥0.00),交易关闭,订单详情,保险服务,￥0.00
2021-11-11订单号: 2242648622866658774 湘林图文快印打印,打印资料打印服务复印黑白彩色激光a4文件印刷书本装订网上打印店 [交易快照],￥10.00,1,申请售后,投诉卖家,￥10.00,(含运费：￥0.00),交易成功,订单详情,双方已评
2021-11-11订单号: 2242619714450658774 执逸旗舰店,网上打印资料a4书本装订文件试卷彩色复印小册子印刷淘宝快印服务 [交易快照],￥10.00,1,查看退款,投诉商家,￥10.00,(含运费：￥0.00),交易关闭,订单详情
2021-11-11订单号: 2242040006502658774 艾趋数码专营店,【狂欢价】清洁软胶泥汽车内饰车载车用除尘泥缝隙死角粘沾灰尘清理灰尘用品 [交易快照],颜色分类：10袋装（共700G）,￥30.00,￥11.52,1,查看退款,投诉商家,退运保险,￥11.41,(含运费：￥0.00),交易关闭,订单详情,查看礼包,申请开票,保险服务,￥0.00
2021-11-11订单号: 1436324227944658774 cille旗舰店,希乐保温杯女士高颜值大容量水杯吸管杯子网红大肚杯学生儿童水壶 [交易快照],颜色分类：316绿色 吸嘴款【送杯套+背带+DIY贴纸+杯刷】,￥199.00,￥55.99,1,违规举报,退运保险,￥47.60,(含运费：￥0.00),交易关闭,订单详情,保险服务,￥0.00
2021-11-11订单号: 1435224388057658774 熊猫健康大药房旗舰店,同仁堂口腔溃疡散粉3g*6瓶用于口腔溃疡 清热敛疮中药外用 [交易快照],套餐类型：标准装,￥14.50,1,申请售后,￥12.86,(含运费：￥0.00),交易成功,订单详情,花呗账单,双方已评,申请开票
2021-11-11订单号: 1435224388058658774 朗威哲旗舰店,【狂欢价】秋冬季浅色直筒修身牛仔裤男士韩版潮流潮牌学生九分裤子直筒宽松 [交易快照],颜色：蓝色（ASD-201）尺码：30,￥129.00,￥48.60,1,查看退款,投诉商家,运费险已赔付,垫付（43.13元）,￥43.13,(含运费：￥0.00),交易关闭,订单详情,申请开票,保险服务,￥0.00
2021-11-11订单号: 1435224388059658774 惢森旗舰店,【狂欢价】加绒牛仔裤男潮牌直筒宽松秋冬款痞帅加厚长裤子男士韩版潮流百搭 [交易快照],颜色：蓝色【加绒】尺码：30,￥150.00,￥80.10,1,查看退款,投诉商家,运费险已赔付,垫付（71.05元）,￥71.05,(含运费：￥0.00),交易关闭,订单详情,申请开票,保险服务,￥0.00
2021-11-11订单号: 1435224388060658774 cille旗舰店,希乐保温杯女士高颜值大容量水杯吸管杯子网红大肚杯学生儿童水壶 [交易快照],颜色分类：316青色&middot：吸嘴款【送3D贴+背带+DIY贴纸+杯刷】,￥199.00,￥55.99,1,换货完成,申请售后,运费险已赔付,￥41.27,(含运费：￥0.00),交易成功,订单详情,花呗账单,双方已评,申请开票,保险服务,￥0.00
2021-11-11订单号: 1435224388061658774 迈特优服饰旗舰店,【狂欢价】毛衣男士加厚半高领宽松秋冬保暖内搭冬季线衣打底针织衫毛衫外套 [交易快照],颜色：灰紫色尺码：L,￥99.00,￥61.20,1,申请售后,退运保险,￥54.31,(含运费：￥0.00),交易成功,订单详情,花呗账单,双方已评,申请开票,保险服务,￥0.00
2021-11-11订单号: 1435224388062658774 杉杉官方旗舰店,【100%纯羊毛】杉杉男装高领毛衣男2021秋冬季新款纯色宽松羊毛衫 [交易快照],颜色：黑色尺码：175/92A,￥799.00,￥224.00,1,申请售后,退运保险,￥158.77,(含运费：￥0.00),交易成功,订单详情,花呗账单,双方已评,申请开票,保险服务,￥0.00
2021-11-11订单号: 1435224388063658774 活力四射旗舰店,羊毛袜子女加绒加厚秋冬季男士中筒超厚冬天毛巾羊绒长袜保暖纯棉 [交易快照],颜色分类：W02（黑色+浅灰+米白）尺码：XL(建议鞋码38-45码，袜长21-25cm),￥84.40,￥48.43,1,申请售后,退运保险,￥42.98,(含运费：￥0.00),交易成功,订单详情,花呗账单,双方已评,申请开票,保险服务,￥0.00
2021-11-09订单号: 2238626631645658774 木易木子数码,Apple/苹果10.2 英寸iPad8代2021款九代19款20mini5平板电脑Air32 [交易快照],颜色分类：2018款【9.7英寸】行货网络类型：WIFI存储容量：32GB套餐类型：银白色,￥2280.00,￥1780.00,1,投诉卖家,退运保险,￥1780.00,(含运费：￥0.00),交易关闭,订单详情,保险服务,￥0.00
2021-11-08订单号: 2236084346162658774 梦缇莎旗舰店,被子冬被棉被加厚保暖全棉被芯太空被褥棉花被丝绵被10斤冬天冬季 [交易快照],尺寸：150x200cm（4斤）抑菌秒暖春秋被：【比羽绒被暖1.67倍】颜色分类：克里斯汀【锁暖秒暖被】,￥899.00,￥259.00,1,违规举报,退运保险,￥259.00,(含运费：￥0.00),交易关闭,订单详情,保险服务,￥0.00
2021-11-08订单号: 2233709964044658774 乐淘里数码专营店,手机支架桌面懒人直播平板电脑iPad床头万能通用支撑架pad折叠升降2021新款伸缩可调节pro华为车载支夹座便携 [交易快照],颜色分类：加重款【白色】自由升降★折叠收纳&rarr：支持所有iPad/手机,￥108.00,￥19.80,1,违规举报,￥14.80,(含运费：￥0.00),交易关闭,订单详情
2021-11-08订单号: 2235566955556658774 连环马旗舰店,ipadair3钢化膜2019苹果2020Pro2021mini5平板10.2/2018/ipad8/7全屏4七9. [交易快照],适用手机型号：iphone 其他型号颜色分类：ipad6/5/2018/2017 9.7寸【高清钻石膜】2片★收藏送神器,￥63.00,￥16.80,1,查看退款,投诉商家,￥16.80,(含运费：￥0.00),交易关闭,订单详情,申请开票
2021-11-07订单号: 2234547398231658774 微软系统激活服务商城,windows11专业版家庭/企业版激活win11pro永久激活码序列号密钥 [交易快照],颜色分类：win10升级win11【镜像+激活码】[自己安装],￥14.50,1,投诉卖家,￥14.35,(含运费：￥0.00),交易关闭,订单详情
2021-11-07订单号: 2234530010825658774 创驰在线服务,win11专业版激活码windows7家庭版企业版密钥win10pro序列号密匙 [交易快照],颜色分类：win10/11专业版【支持重装】,￥6.00,￥3.00,1,投诉卖家,￥3.00,(含运费：￥0.00),交易关闭,订单详情
2021-11-06订单号: 2231646337048658774 小翰宝潮牌男装,潮牌羽绒棉衣男女同款冬季加厚保暖棉服情侣装立领宽松休闲面包服 [交易快照],颜色：黑色尺码：L,￥399.00,￥178.00,1,申请售后,投诉卖家,运费险已出单,￥175.02,(含运费：￥0.00),交易成功,订单详情,花呗账单,我已评价,申请开票,保险服务,￥0.00
2021-11-06订单号: 2231533370297658774 杨掌柜旗舰店,杨掌柜yes宽粉方便粉丝网红酸辣粉大骨藤椒冲泡速食桶装组合整箱 [交易快照],口味：【6桶组合热销套餐】酸辣味*3 大骨味*2 藤椒鱼味*1,￥36.00,￥35.80,1,申请售后,￥26.96,(含运费：￥0.00),交易成功,订单详情,双方已评,申请开票
2021-11-03订单号: 2224651788249658774 其妙旗舰店,【狂欢价】水果味切片糖万圣节糖果散装发批高颜值小硬糖儿童零食网红棒棒糖 [交易快照],口味：水果切片糖500g+送500g（发2袋500g/仅16.9）限量,￥29.90,￥14.90,1,申请售后,退运保险,￥14.90,(含运费：￥0.00),交易成功,订单详情,双方已评,申请开票,保险服务,￥0.00
2021-11-03订单号: 2224648116325658774 addickes服饰旗舰店,【狂欢价】奶白色卫衣女2021年新款秋冬季美式小众设计感加绒宽松连帽外套潮 [交易快照],颜色分类：奶白色尺码：L,￥128.00,￥86.00,1,违规举报,退运保险,￥153.86,(含运费：￥0.00),交易关闭,订单详情,【狂欢价】奶白色卫衣女2021年新款秋冬季美式小众设计感加绒宽松连帽外套潮 [交易快照],颜色分类：白色尺码：S,￥128.00,￥86.00,1,违规举报,退运保险,保险服务,￥0.00
2021-11-03订单号: 2224648116328658774 迈特优服饰旗舰店,【狂欢价】高领毛衣男秋冬季宽松羊毛衫春秋加绒加厚羊绒衫打底冬装针织衫潮 [交易快照],颜色：M13米白尺码：M,￥179.00,￥113.40,1,违规举报,退运保险,￥101.48,(含运费：￥0.00),交易关闭,订单详情,保险服务,￥0.00
2021-11-03订单号: 2226210302277658774 坚果座食品旗舰店,【狂欢价】海南特产椰子片脆片500g原味即食烤椰子肉干脆块薄脆椰果干椰子角 [交易快照],食品口味：椰子脆片250g*1袋,￥29.00,￥11.80,1,违规举报,退运保险,￥11.80,(含运费：￥0.00),交易关闭,订单详情,保险服务,￥0.00
2021-11-03订单号: 2226210302278658774 罗技官方旗舰店,【狂欢价】【官方旗舰店】罗技K835有线TKL真机械键盘84键PBT键帽 [交易快照],颜色分类：K835*白色青轴套餐类型：官方标配,￥599.00,￥199.00,1,违规举报,退运保险,￥199.00,(含运费：￥0.00),交易关闭,订单详情,保险服务,￥0.00
2021-11-03订单号: 2226982107842658774 其妙旗舰店,【狂欢价】水果味切片糖万圣节糖果散装发批高颜值小硬糖儿童零食网红棒棒糖 [交易快照],口味：水果切片糖500g+送500g（发2袋500g/仅16.9）限量,￥29.90,￥14.90,1,违规举报,退运保险,￥14.90,(含运费：￥0.00),交易关闭,订单详情,保险服务,￥0.00
2021-11-03订单号: 2224624428697658774 汉远数码专营店,【狂欢价】电脑键盘清洁泥神器软胶笔记本手机屏幕清洁剂清理清洗粘灰套装 [交易快照],颜色分类：绿色十袋【80克/袋】,￥10.90,1,查看退款,投诉商家,运费险已赔付,垫付（10.90元）,￥10.90,(含运费：￥0.00),交易关闭,订单详情,申请开票,保险服务,￥0.00
2021-11-03订单号: 2224624500552658774 汉远数码专营店,【狂欢价】电脑键盘清洁泥神器软胶笔记本手机屏幕清洁剂清理清洗粘灰套装 [交易快照],颜色分类：绿色十袋【80克/袋】,￥10.90,1,查看退款,投诉商家,运费险已赔付,垫付（10.90元）,￥10.90,(含运费：￥0.00),交易关闭,订单详情,申请开票,保险服务,￥0.00
2021-11-03订单号: 2224058150520658774 小野素材库,2021半佛仙人推荐电子书pdf 贫穷的本质黑天鹅白犀 [交易快照],￥3.80,1,申请售后,投诉卖家,￥3.80,(含运费：￥0.00),交易成功,订单详情,双方已评
2021-11-03订单号: 2223714097914658774 tb3435999718的小店,正版贫穷的本质修订版我们为什么摆脱不了贫穷 阿比吉特班纳吉著 [交易快照],￥14.80,1,投诉卖家,￥14.80,(含运费：￥0.00),交易关闭,订单详情
2021-11-03订单号: 2224067186043658774 新华正品书店直销部,【新华书店 正版】贫穷的本质（修订版）包邮 我们为什么摆脱不了贫穷 阿比吉特班纳吉著经济中信出版社 原版正版书籍 [交易快照],￥36.00,￥16.00,1,投诉卖家,退运保险,￥16.00,(含运费：￥0.00),交易关闭,订单详情,保险服务,￥0.00
2021-11-03订单号: 2224050950862658774 中信出版社官方旗舰店,【狂欢价】贫穷的本质（修订版）诺贝尔经济学奖得主 阿比吉特班纳吉 著 包邮 樊登推荐 经济读物 中信出版图书 正版书 [交易快照],￥58.00,￥29.00,1,违规举报,退运保险,￥28.00,(含运费：￥0.00),交易关闭,订单详情,保险服务,￥0.00
2021-11-02订单号: 2221343282336658774 花印旗舰店,【狂欢价】花印身体乳夏季保湿滋润香体女士补水日本进口官方旗舰店 [交易快照],净含量：400ml香味：400g,￥159.00,￥89.90,1,申请售后,退运保险,￥72.04,(含运费：￥0.00),交易成功,订单详情,花呗账单,双方已评,申请开票,保险服务,￥0.00
2021-11-01订单号: 2219330666779658774 珊珊诚信店33,steam吃鸡租号PUBG出租稳定不挤 [交易快照],游戏版本：标准版语种分类：简体中文账号激活地区：全球区,￥1.00,1,申请售后,投诉卖家,￥1.00,(虚拟物品),交易成功,订单详情,双方已评
2021-11-01订单号: 2218972862003658774 小翰宝潮牌男装,NB潮牌羽绒棉衣男女同款冬季加厚保暖棉服情侣立领宽松休闲面包服 [交易快照],颜色：黑色尺码：L,￥399.00,￥178.00,1,查看退款,投诉卖家,运费险已赔付,垫付（165.50元）,￥331.00,(含运费：￥0.00),交易关闭,订单详情,申请开票,NB潮牌羽绒棉衣男女同款冬季加厚保暖棉服情侣立领宽松休闲面包服 [交易快照],颜色：白色尺码：M,￥399.00,￥178.00,1,查看退款,投诉卖家,运费险已赔付,垫付（165.50元）,保险服务,￥0.00
2021-11-01订单号: 2218972862006658774 品彩服饰旗舰店,【狂欢价】羊毛袜子女秋冬季中筒长袜加绒加厚保暖毛圈ins潮网红款羊绒冬天 [交易快照],颜色分类：白色+粉色+驼色+棕色尺码：均码【适合34-40码】收藏+购物车=不暖包赔,￥59.00,￥35.90,1,申请售后,运费险已赔付,￥62.80,(含运费：￥0.00),交易成功,订单详情,花呗账单,双方已评,申请开票,【狂欢价】袜子男羊毛加厚毛巾底加厚加绒秋冬款中筒防臭吸汗保暖纯色毛圈袜 [交易快照],颜色分类：【4双装】D组 加厚羊毛袜均码 收藏加购优先发货尺码：均码,￥49.90,￥26.90,1,查看退款,投诉商家,运费险已赔付,垫付（26.90元）,保险服务,￥0.00
2021-11-01订单号: 2217298860503658774 品彩服饰旗舰店,【狂欢价】羊毛袜子女秋冬季中筒长袜加绒加厚保暖毛圈ins潮网红款羊绒冬天 [交易快照],颜色分类：白色+粉色+驼色+棕色尺码：均码【适合34-40码】收藏+购物车=不暖包赔,￥59.00,￥35.90,1,查看退款,投诉商家,退运保险,￥35.90,(含运费：￥0.00),交易关闭,订单详情,申请开票,保险服务,￥0.00
2021-11-01订单号: 2217298860504658774 小翰宝潮牌男装,NB潮牌羽绒棉衣男女同款冬季加厚保暖棉服情侣立领宽松休闲面包服 [交易快照],颜色：白色尺码：M,￥399.00,￥178.00,1,查看退款,投诉卖家,退运保险,￥331.00,(含运费：￥0.00),交易关闭,订单详情,申请开票,NB潮牌羽绒棉衣男女同款冬季加厚保暖棉服情侣立领宽松休闲面包服 [交易快照],颜色：黑色尺码：L,￥399.00,￥178.00,1,查看退款,投诉卖家,退运保险,保险服务,￥0.00
2021-11-01订单号: 2218114297128658774 杉杉官方旗舰店,【狂欢价】【100%纯羊毛】杉杉男装高领毛衣男2021秋冬季新款纯色宽松羊毛衫 [交易快照],颜色：杏棕尺码：175/92A,￥799.00,￥249.00,1,查看退款,投诉商家,运费险已赔付,垫付（160.62元）,￥160.62,(含运费：￥0.00),交易关闭,订单详情,申请开票,保险服务,￥0.00
2021-11-01订单号: 2218114297129658774 v37旗舰店,【狂欢价】冬季2021年新款加厚羽绒服男情侣潮牌ins立领外套港风短款情侣装 [交易快照],颜色：白色尺码：L,￥478.00,￥214.20,1,查看退款,投诉商家,退运保险,￥172.58,(含运费：￥0.00),交易关闭,订单详情,申请开票,保险服务,￥0.00
2021-11-01订单号: 2218354526862658774 addickes服饰旗舰店,【狂欢价】奶白色卫衣女2021年新款秋冬季美式小众设计感加绒宽松连帽外套潮 [交易快照],颜色分类：黑色加绒款尺码：XL,￥138.00,￥96.00,1,申请售后,退运保险,￥76.30,(含运费：￥0.00),交易成功,订单详情,花呗账单,双方已评,申请开票,保险服务,￥0.00
2021-11-01订单号: 1428533358415658774 南极羽旗舰店,【狂欢价】电动摩托车坐垫套加厚防晒防水四季通用电瓶车踏板车弹力皮革座套 [交易快照],尺码：常规码颜色分类：纯黑色弹力皮革,￥33.00,￥13.80,1,查看退款,投诉商家,运费险已赔付,垫付（13.39元）,￥13.39,(含运费：￥0.00),交易关闭,订单详情,申请开票,保险服务,￥0.00
2021-11-01订单号: 1428533358416658774 百特兔旗舰店,免抽气真空压缩袋收纳袋整理衣服衣物被子家用旅行行李箱宿舍神器 [交易快照],颜色分类：5中5小+【1电泵】尺寸：质保1年=售后无忧=漏气包换,￥101.00,￥40.86,1,查看退款,投诉商家,退运保险,￥36.64,(含运费：￥0.00),交易关闭,订单详情,申请开票,保险服务,￥0.00
2021-11-01订单号: 1427700316034658774 九阳厨具旗舰店,【狂欢价】九阳保温杯女士高颜值儿童学生水杯大容量家用保温水壶吸管大肚杯 [交易快照],颜色分类：316L 黄色 - 直饮/吸嘴款 送背带+DIY贴纸,￥199.00,￥80.10,1,查看退款,投诉商家,运费险已赔付,垫付（69.82元）,￥69.82,(含运费：￥0.00),交易关闭,订单详情,申请开票,保险服务,￥0.00
2021-11-01订单号: 1427700316035658774 红豆内衣旗舰店,红豆绒发热内衣德绒男士秋衣秋裤抗菌秋冬棉毛衫女士美肤保暖套装 [交易快照],颜色分类：黑色-女士发热美肤抑菌尺码：165/90,￥340.00,￥153.70,1,申请售后,退运保险,￥133.98,(含运费：￥0.00),交易成功,订单详情,花呗账单,双方已评,申请开票,保险服务,￥0.00
2021-10-28订单号: 2210417712773658774 贵人鸟官方运动旗舰店,贵人鸟官方网店老爹鞋男款复古慢跑鞋时尚休闲运动跑步鞋透气鞋子 [交易快照],颜色分类：急流/黑/铅笔灰鞋码：43,￥169.00,1,查看退款,投诉中,运费险已赔付,￥169.00,￥136.93,(含运费：￥0.00),交易关闭,订单详情,申请开票,保险服务,￥0.00,阶段一：定金,￥20.00,1,￥20.00,已关闭,阶段二：尾款,￥149.00,￥116.93,1,￥116.93,(快递：￥0.00),已关闭
2021-10-27订单号: 2211615939715658774 teenieweeniemen旗舰店,TeenieWeenie小熊男装2021年冬季新款圆领字母卫衣男女宽松情侣潮 [交易快照],颜色：A款黑色尺码：180/XL,￥798.00,￥469.00,1,违规举报,￥209.66,(含运费：￥0.00),交易关闭,订单详情,保险服务,￥0.00
2021-10-27订单号: 2203595064411658774 唐狮官方旗舰店,唐狮21秋季新款格子衬衫男长袖韩版学生格子衫青年宽松衬衣外套潮 [交易快照],颜色：雾霾蓝尺码：M,￥88.90,1,申请售后,运费险已赔付,￥88.90,￥77.20,(含运费：￥0.00),交易成功,订单详情,双方已评,申请开票,保险服务,￥0.00,阶段一：定金,￥10.00,1,￥10.00,已完成,阶段二：尾款,￥78.90,￥67.20,1,￥67.20,(快递：￥0.00),已完成,查看物流
2021-10-27订单号: 2206015275863658774 唐狮官方旗舰店,唐狮21秋季新款格子衬衫男长袖韩版学生格子衫青年宽松衬衣外套潮 [交易快照],颜色：雾霾蓝尺码：M,￥88.90,1,违规举报,退运保险,￥88.90,(含运费：￥0.00),交易关闭,订单详情,保险服务,￥0.00,阶段一：定金,￥10.00,1,￥10.00,已关闭,阶段二：尾款,￥78.90,1,￥78.90,(快递：￥0.00),已关闭
2021-10-27订单号: 2205004249971658774 美特斯邦威官方网店,[预售]美特斯邦威纯色衬衫男潮流2021新款秋季舒适纯棉休闲衬衣男 [交易快照],颜色：木棕色尺码：175/L,￥69.90,1,查看退款,投诉商家,运费险已赔付,￥69.90,￥59.51,(含运费：￥0.00),交易关闭,订单详情,申请开票,保险服务,￥0.00,阶段一：定金,￥10.00,1,￥10.00,已关闭,阶段二：尾款,￥59.90,￥49.51,1,￥49.51,(快递：￥0.00),已关闭
2021-10-27订单号: 2203653816025658774 鸭鸭官方旗舰店,鸭鸭2021年冬季新款羽绒服男短款连帽时尚潮流撕裂纹理渐变外套 [交易快照],颜色：雪山渐变色（DYM00B0180）尺码：XL,￥789.00,￥559.00,1,违规举报,￥268.00,(含运费：￥0.00),交易关闭,订单详情,保险服务,￥0.00
2021-10-27订单号: 2204897329811658774 鸭鸭官方旗舰店,鸭鸭2021年冬季新款羽绒服男短款连帽时尚潮流撕裂纹理渐变外套 [交易快照],颜色：撕裂纹白色（DYM07B0020）尺码：XL,￥789.00,￥559.00,1,查看退款,投诉商家,垫付（268.00元）,￥268.00,(含运费：￥0.00),交易关闭,订单详情,申请开票,保险服务,￥0.00
2021-10-27订单号: 2206097751527658774 英爵伦男装旗舰店,英爵伦男士冬季羽绒服短款加厚白鸭绒潮牌工装外套男款冬装衣服潮 [交易快照],颜色：米色尺码：175/L,￥499.00,￥398.00,1,违规举报,￥268.00,(含运费：￥0.00),交易关闭,订单详情,保险服务,￥0.00
2021-10-27订单号: 2205205598139658774 rouse洛兹旗舰店,【100%纯羊毛】洛兹高领毛衣男装2021秋冬季新款打底上衣男士毛衫 [交易快照],颜色：黑色尺码：175/92A/L,￥339.00,￥258.00,1,违规举报,￥135.00,(含运费：￥0.00),交易关闭,订单详情,保险服务,￥0.00
2021-10-27订单号: 2210786570784658774 洁柔旗舰店,洁柔抽纸软抽纸3层10包无香卫生纸纸巾抽家用餐巾纸实惠装 [交易快照],￥60.00,￥19.88,1,违规举报,￥13.88,(含运费：￥0.00),交易关闭,订单详情,保险服务,￥0.00
2021-10-26订单号: 2208536749396658774 波司登官方企业店 BF583,波司登2020新款渐变色长款过膝羽绒服男青年防风厚外套B00143083 [交易快照],颜色：渐变灰海岸线9C42尺码：175/92A,￥1699.00,￥1669.00,1,投诉卖家,退运保险,￥1059.00,(含运费：￥0.00),交易关闭,订单详情,保险服务,￥0.00
2021-10-26订单号: 2206977084915658774 波司登官方企业店 BF583,波司登2020新款渐变色长款过膝羽绒服男青年防风厚外套B00143083 [交易快照],颜色：渐变灰海岸线9C42尺码：180/96A,￥1699.00,￥1669.00,1,投诉卖家,退运保险,￥1049.69,(含运费：￥0.00),交易关闭,订单详情,保险服务,￥0.00
2021-10-26订单号: 2208074943653658774 卡宾官方旗舰店,Cabbeen/卡宾男装厚连帽中长款羽绒服外套21冬季新款拼接派克服H [交易快照],颜色：中灰色36尺码：52/180/XL,￥1999.00,￥1199.00,1,违规举报,￥730.42,(含运费：￥0.00),交易关闭,订单详情
2021-10-26订单号: 2207302634015658774 雪中飞好乐拍专卖店,雪中飞短款羽绒服女冬2021年新款爆款时尚加厚冬季白鸭绒防寒外套 [交易快照],颜色分类：豆绿尺码：165/M,￥639.00,￥629.00,1,违规举报,￥296.00,(含运费：￥0.00),交易关闭,订单详情,保险服务,￥0.00
2021-10-25订单号: 2207849403408658774 熊猫健康大药房旗舰店,同仁堂口腔溃疡散粉3g*6瓶用于口腔溃疡 清热敛疮中药外用 [交易快照],套餐类型：标准装,￥14.50,1,查看退款,投诉商家,￥13.07,(含运费：￥0.00),交易关闭,订单详情,申请开票
2021-10-24订单号: 1423861996044658774 ThrowAwayPast旗舰店,3dmax软件代远程安装2021 2020 2018 2014 5.0渲染器软件素材 [交易快照],￥1.00,1,申请售后,￥1.00,(含运费：￥0.00),交易成功,订单详情,双方已评,申请开票
2021-10-24订单号: 1423825024482658774 乐付支付旗舰店,3dmax软件 2022 2021 2020 2018 中文版 vray5.1渲染器 远程安装 [交易快照],颜色分类：自行安装+VR渲染器（发送所有版本+安装视频教程),￥7.80,1,违规举报,￥6.41,(含运费：￥0.00),交易关闭,订单详情
2021-10-24订单号: 2205499575703658774 成都世斌缝纫设备专业店,防锈油机械润滑油家用缝纫机油链条门锁打印机理发器键盘风扇轴承 [交易快照],颜色分类：透明35毫升润滑油[送1只针管],￥5.80,1,申请售后,投诉卖家,运费险已出单,￥5.80,(含运费：￥0.00),交易成功,订单详情,双方已评,保险服务,￥0.00
2021-10-22订单号: 2201860839188658774 营昂技术服务,微软office365家庭版ppt个人版word永久账户mac账号excel/ipad [交易快照],颜色分类：office365支持手机/电脑/平板长度：1m,￥2.80,1,申请售后,投诉卖家,￥2.80,(含运费：￥0.00),交易成功,订单详情,双方已评
2021-10-22订单号: 2201515959708658774 闪魔旗舰店,闪魔 苹果7钢化膜6s全屏覆盖iphone8plus钢化膜7plus全包6手机i7八9D抗蓝光8plus防爆8p防摔 [交易快照],适用手机型号：iphone 其他型号颜色分类：6p/6sp/7p/8p【新升级高清*全屏大视窗】白色2片*送神器,￥58.00,￥28.80,1,违规举报,￥27.94,(含运费：￥0.00),交易关闭,订单详情
2021-10-22订单号: 2200763486229658774 大集汇旗舰店,苹果7钢化膜iphone8全屏覆盖7p苹果8plus手机i7抗蓝光8P全包边ip7防摔ip8防窥八透明屏保7puls [交易快照],颜色分类：苹果7P/8P 白色【新9D★全屏大视窗】高清版(三片装),￥59.00,￥22.70,1,违规举报,￥22.02,(含运费：￥0.00),交易关闭,订单详情
2021-10-22订单号: 2199159828677658774 连环马旗舰店,苹果8plus钢化膜iphone8手机膜iphone7plus防窥膜i7全屏ip6s覆盖splus七p八se2六sp [交易快照],适用手机型号：iPhone8plus颜色分类：白色【钻石细边膜】高清【3片】送神器+后膜+镜头膜,￥46.00,￥23.80,1,违规举报,￥23.09,(含运费：￥0.00),交易关闭,订单详情
2021-10-22订单号: 2200596878991658774 哈啰车服电动车旗舰店,哈啰电动车新国标电动自行车48V代步成人男女锂电智能棒途电瓶车 [交易快照],电压：48V电池容量：12ah颜色分类：【小宇宙】源彩蓝灰(无后减震)-不可提铅酸-约40KM,￥1508.00,1,违规举报,￥2507.00,(含运费：￥999.00),交易关闭,订单详情,阶段一：定金,￥100.00,1,￥100.00,已关闭,阶段二：尾款,￥1408.00,1,￥2407.00,(快递：￥999.00),已关闭,增值服务：一键闪修,￥0.00,1
2021-10-22订单号: 2198734344641658774 p123182的小店,Linux远程工具Xshell7 XFtp6全套免激活安装破解版Xmanager7 [交易快照],￥2.00,1,申请售后,投诉卖家,￥2.00,(含运费：￥0.00),交易成功,订单详情,双方已评
2021-10-22订单号: 2200653543715658774 joyroom机乐堂旗舰店,【双11预售】暖脚宝床上睡觉被窝用充电暖足冬天办公室保暖神器 [交易快照],颜色分类：小灰猫【持续保暖8h】进口丝绒★水电分离#可拆洗,￥64.20,1,申请售后,退运保险,￥64.20,￥55.76,(含运费：￥0.00),交易成功,订单详情,双方已评,申请开票,保险服务,￥0.00,阶段一：定金,￥10.00,1,￥10.00,已完成,阶段二：尾款,￥54.20,￥45.76,1,￥45.76,(快递：￥0.00),已完成,查看物流
2021-10-22订单号: 2198287548789658774 joyroom机乐堂旗舰店,【双11预售】暖脚宝床上睡觉被窝用充电暖足冬天办公室保暖神器 [交易快照],颜色分类：保暖鸭绿【持续保暖8h】进口丝绒★水电分离#可拆洗,￥64.20,1,申请售后,退运保险,￥64.20,￥55.76,(含运费：￥0.00),交易成功,订单详情,双方已评,申请开票,保险服务,￥0.00,阶段一：定金,￥10.00,1,￥10.00,已完成,阶段二：尾款,￥54.20,￥45.76,1,￥45.76,(快递：￥0.00),已完成,查看物流
2021-10-21订单号: 2199012375337658774 子语诺家居专营店,洁柔抽纸face纸巾3层120抽24包家用实惠装餐巾纸卫生纸擦手纸整箱 [交易快照],￥120.00,￥66.90,3,违规举报,退运保险,￥122.65,(含运费：￥0.00),交易关闭,订单详情,保险服务,￥0.00
2021-10-20订单号: 2194485302373658774 天猫国际进口超市,【国内专柜】日本资生堂男士护肤水150ml保湿补水爽肤水正品乳液 [交易快照],化妆品净含量：150ml,￥260.00,￥228.00,1,申请售后,运费险已出单,￥189.00,(含运费：￥0.00),交易成功,订单详情,花呗账单,双方已评,保险服务,￥0.00
2021-10-16订单号: 2183522976389658774 深圳市林肯机电设备,公制开口扳手双头呆扳手镜面扳手两用呆头扳手套装汽修扳手工具 [交易快照],颜色分类：双头开口扳手12-14mm,￥8.50,￥4.25,1,申请售后,投诉卖家,￥4.17,(含运费：￥0.00),交易成功,订单详情,双方已评
2021-10-13订单号: 2178197065018658774 其妙旗舰店,水果味切片糖万圣节糖果散装发批高颜值小硬糖儿童零食网红棒棒糖 [交易快照],口味：水果切片糖500g+送500g（发2袋500g/仅16.9）限量,￥29.90,￥16.90,1,申请售后,退运保险,￥14.90,(含运费：￥0.00),交易成功,订单详情,双方已评,申请开票,保险服务,￥0.00
2021-10-12订单号: 2173180500644658774 kinwin旗舰店,电动摩托车挡风被冬季加厚加绒防寒防晒罩秋冬天电车电瓶防水防风 [交易快照],款式：连体款颜色分类：【至尊豪华款】格子游戏 大侧翼+口袋,￥168.00,￥62.90,1,申请售后,￥62.90,(含运费：￥0.00),交易成功,订单详情,双方已评,申请开票
2021-10-12订单号: 2172994632022658774 资莱皙旗舰店,【亲子日价】空气清新剂室内厕所除臭香味神器持久留香家用卧室卫生间香氛香薰 [交易快照],颜色分类：02#盐盐冷棉【拍下选赠品】,￥128.00,￥29.90,1,申请售后,运费险已出单,￥29.90,(含运费：￥0.00),交易成功,订单详情,双方已评,申请开票,01#汁汁白桃 [交易快照],￥168.00,￥0.00,1,申请售后,保险服务,￥0.00
2021-10-11订单号: 2172201192466658774 花印护肤品店,日本花印男士专用沐浴露持久留香补水保湿滋润三合一焕能沐浴液乳 [交易快照],化妆品净含量：380ml,￥139.00,￥89.00,1,查看退款,投诉卖家,退运保险,￥78.92,(含运费：￥0.00),交易关闭,订单详情,【买家秀有奖征集】点亮5星+15字评价+3张晒图 送2元现金红包 [交易快照],￥10.00,￥0.00,1,投诉卖家,保险服务,￥0.00
2021-10-09订单号: 2167797637979658774 一路护行运动户外店,电动车雨棚蓬全封闭电瓶车遮雨棚新款加厚全包围摩托车防风挡雨罩 [交易快照],颜色分类：三挡推窗+防断支架+高清挡板+藏青海豚+有镜拍,￥99.00,￥69.00,1,查看退款,投诉卖家,退运保险,￥65.00,(含运费：￥0.00),交易关闭,订单详情,保险服务,￥0.00
2021-10-08订单号: 2166375098328658774 浪漫美西旗舰店,电动车挡雨棚篷新款电瓶摩托车防晒防雨挡风罩遮阳伞2021安全雨伞 [交易快照],颜色分类：【不透光布】立体硬挡大推窗-藏青海豚-有镜拍,￥258.00,￥79.90,1,查看退款,投诉商家,￥55.90,(含运费：￥0.00),交易关闭,订单详情,申请开票
2021-10-07订单号: 2163612240732658774 珍行足衣旗舰店,【狂欢价】袜子男中筒袜100%春秋冬款纯棉短袜全棉抗菌防臭吸汗商务男长袜男 [交易快照],颜色分类：【手缝无骨袜秋冬厚款】6色6双尺码：【布袋装均码】纯棉/抗起球/免洗直穿/30天破洞包赔,￥197.50,￥49.80,1,申请售后,运费险已出单,￥44.80,(含运费：￥0.00),交易成功,订单详情,双方已评,申请开票,保险服务,￥0.00
2021-10-05订单号: 2157057469387658774 浪德极旗舰店,华为nova7se5G手机钢化膜nova5ipro全屏n0va3i蓝光nova5z防摔nova6se高清5por/n [交易快照],适用手机型号：华为nova2s颜色分类：【高清】全屏防爆★3片,￥12.88,1,申请售后,运费险已出单,￥12.88,(含运费：￥0.00),交易成功,订单详情,申请开票,保险服务,￥0.00
2021-10-05订单号: 2158289247232658774 时尚配件小店,华为nova5pro钢化膜nova6nova7nova3nova4/7se手机膜5i/2s/5/6se/ [交易快照],适用手机型号：华为nova2s颜色分类：新11D【高清版防指纹】全屏【3片,￥10.94,1,查看退款,投诉卖家,￥10.94,(含运费：￥0.00),交易关闭,订单详情
2021-10-05订单号: 2155821732585658774 韩仙子旗舰店,华为nova2s钢化膜nove2plus全屏覆盖huaweinova2手机n2s抗蓝光novo全包边n0va原装na [交易快照],适用手机型号：华为其他型号颜色分类：华为nova2s 新9D全屏【高清防指纹】3片,￥9.90,￥7.90,1,查看退款,投诉商家,￥7.90,(含运费：￥0.00),交易关闭,订单详情,申请开票,征集买家秀（ 20字评语+3-5张晒图）联系在线客服领取2元红包 [交易快照],￥20.00,￥0.00,1,违规举报
2021-10-04订单号: 2154477024823658774 RVY丨首席珠宝设计师,香港【设计师】RVY 2021年新款轻奢小众纯银水滴项链女潮锁骨链 [交易快照],颜色分类：GP0271G白金色,￥498.00,￥208.00,1,查看退款,投诉卖家,垫付（182.94元）,￥182.94,(含运费：￥0.00),交易关闭,订单详情
2021-10-03订单号: 2153041668332658774 鸭鸭迅霆专卖店,鸭鸭高端羽绒服女冬中长款2021年新款长款过膝加厚大牌冬季外套潮 [交易快照],颜色分类：女款-米色尺码：165/S,￥759.00,￥699.00,1,违规举报,￥369.00,(含运费：￥0.00),交易关闭,订单详情,保险服务,￥0.00
2021-10-02订单号: 2151749809764658774 barpa护肤美妆,Barpa欧莱雅紫熨斗眼霜小样7.5ml*4支=30ml 紧致细纹淡黑眼圈全脸 [交易快照],净含量：30ml,￥178.00,￥75.00,1,申请售后,投诉卖家,￥81.83,(含运费：￥0.00,进口税：￥6.83),交易成功,订单详情,双方已评,上传身份证
2021-09-27订单号: 2140120515890658774 伊美佳品,袜子男中筒长袜秋冬季男士高筒防臭吸汗学生篮球袜子男士ins潮流 [交易快照],颜色分类：3组 藏青+牛仔蓝+黑色+深灰+浅咖尺码：5双装【收藏优先发货】,￥12.80,￥9.40,1,查看退款,投诉卖家,运费险已赔付,垫付（9.40元）,￥9.40,(含运费：￥0.00),交易关闭,订单详情,保险服务,￥0.00
2021-09-27订单号: 2139114531896658774 九块九包邮家居生活馆,1支包邮 百肤仙苗药百肤仙草草本乳膏软膏 包邮 [交易快照],￥4.80,1,申请售后,投诉卖家,￥3.74,(含运费：￥0.00),交易成功,订单详情,双方已评
2021-09-27订单号: 2138388338922658774 仁心百代医疗器械专营店,【买1送1】百肤仙草草本乳膏官网百肤百夫仙草抑菌软膏江西正品 [交易快照],颜色分类：买1送1=2支百肤仙草,￥12.00,1,查看退款,投诉商家,退运保险,￥12.00,(含运费：￥0.00),交易关闭,订单详情,申请开票,保险服务,￥0.00
2021-09-27订单号: 2136674664693658774 笔记本内存批发,全新三星内存条16G DDR4 2666 3200笔记本电脑内存条兼2400 4G 8G [交易快照],内存频率：2666MHz颜色分类：红色,￥583.00,￥455.00,1,查看退款,投诉卖家,运费险已赔付,￥445.00,(含运费：￥0.00),交易关闭,订单详情,保险服务,￥0.00
2021-09-27订单号: 2136674664694658774 深圳优嘉信电子科技,WD/西部数据 WD10SPZX西数1TB笔记本 1T机械硬盘2.5寸 5400转 7MM [交易快照],￥299.00,￥230.00,1,投诉卖家,￥230.00,(含运费：￥0.00),交易关闭,订单详情
2021-09-25订单号: 2134061676259658774 仁心百代医疗器械专营店,【买1送1】百肤仙草草本乳膏官网百肤百夫仙草抑菌软膏江西正品 [交易快照],颜色分类：买1送1=2支百肤仙草,￥12.00,1,违规举报,退运保险,￥12.00,(含运费：￥0.00),交易关闭,订单详情,保险服务,￥0.00
2021-09-23订单号: 2129256614695658774 还不晚 家居日用百货超市,双头棉签掏耳化妆家用棉花棒木棒一次性小头细尖头耳朵勺清洁棉棒 [交易快照],颜色分类：500只圆+尖,￥7.90,￥6.90,1,申请售后,投诉卖家,￥6.90,(含运费：￥0.00),交易成功,订单详情,双方已评
2021-09-22订单号: 2126766564302658774 还不晚 家居日用百货超市,双头棉签掏耳化妆家用棉花棒木棒一次性小头细尖头耳朵勺清洁棉棒 [交易快照],颜色分类：500只圆+尖,￥7.90,￥6.90,1,投诉卖家,￥6.90,(含运费：￥0.00),交易关闭,订单详情
2021-09-22订单号: 2127045422354658774 铭越数码,正品小米5号电池干电池碱性彩虹电池遥控器玩具10粒装 [交易快照],颜色分类：小米5号电池10粒【含收纳盒】,￥13.90,￥9.90,1,申请售后,投诉卖家,￥9.84,(含运费：￥0.00),交易成功,订单详情,双方已评
2021-09-20订单号: 2123475662873658774 韧时代先锋店,高压气罐压缩气体罐空气罐除尘罐相机镜头笔记本电脑风扇键盘清灰 [交易快照],￥14.49,1,申请售后,投诉卖家,￥11.49,(含运费：￥0.00),交易成功,订单详情,双方已评
2021-09-13订单号: 2106594218503658774 Microsoft激,windows10专业版家庭/企业版激活win10pro永久激活码11序列号密钥 [交易快照],颜色分类：win10专业版【支持重装】,￥4.00,1,申请售后,投诉卖家,￥4.00,(含运费：￥0.00),交易成功,订单详情,双方已评
2021-09-12订单号: 2105100435892658774 洁柔旗舰店,洁柔抽纸软抽纸3层10包无香卫生纸纸巾抽家用餐巾纸实惠装 [交易快照],￥60.00,￥19.88,1,申请售后,￥13.88,(含运费：￥0.00),交易成功,订单详情,双方已评,申请开票,保险服务,￥0.00
2021-09-12订单号: 2103979575286658774 Z2服务旗舰店,打印资料装订成书彩印服务复印a4激光打印文件书本装订网上打印店 [交易快照],￥10.00,1,申请售后,￥12.10,(含运费：￥2.10),交易成功,订单详情,双方已评
2021-09-09订单号: 2094470856010658774 小妹子创业店,svip 自动发货 热销中... [交易快照],颜色分类：电脑用【非充值】30天,￥8.50,1,申请售后,投诉卖家,￥8.50,(含运费：￥0.00),交易成功,订单详情
2021-09-09订单号: 2094556466602658774 米优旗舰店,【划算价】卧室温馨家用莫兰迪纯色防水自粘壁纸寝室宿舍背景墙装饰自贴墙纸 [交易快照],辅材套餐：仅墙纸颜色分类：纯色马卡龙款【柠檬黄】-60CM宽*5米长,￥18.00,￥9.90,1,申请售后,￥9.88,(含运费：￥0.00),交易成功,订单详情,双方已评,申请开票,保险服务,￥0.00
2021-09-06订单号: 2087146404503658774 润本旗舰店,润本驱蚊喷雾宝宝驱蚊水婴儿防蚊液儿童防蚊水止痒花露水神器正品 [交易快照],颜色分类：止痒喷雾35ml&times：2瓶,￥59.00,￥20.90,1,退款成功,运费险已出单,￥10.90,(含运费：￥0.00),交易成功,订单详情,双方已评,申请开票,保险服务,￥0.00
2021-09-06订单号: 2087225281948658774 米优旗舰店,卧室温馨家用莫兰迪纯色防水自粘壁纸寝室宿舍背景墙装饰自贴墙纸 [交易快照],辅材套餐：仅墙纸颜色分类：纯色马卡龙款【柠檬黄】-60CM宽*5米长,￥18.00,￥11.80,1,违规举报,退运保险,￥11.80,(含运费：￥0.00),交易关闭,订单详情,保险服务,￥0.00
2021-09-04订单号: 2084247579884658774 连环马旗舰店,opporeno5钢化膜reno4防窥膜4se全屏3/5k/6原装oppoace2手机opporenoz10倍变焦o [交易快照],适用手机型号：OPPO Reno Z颜色分类：【钻石细边膜】高清【3片】送神器+后膜+镜头膜,￥46.00,￥23.80,1,申请售后,￥23.80,(含运费：￥0.00),交易成功,订单详情,双方已评,申请开票
2021-09-04订单号: 2080251756170658774 小熊亦禾专卖店,小熊恒温杯垫家用加热水杯底座55度恒温杯牛奶加热神器保温暖暖杯 [交易快照],颜色分类：浅绿色（单杯垫）,￥189.00,￥89.00,1,申请售后,运费险已出单,￥69.00,(含运费：￥0.00),交易成功,订单详情,双方已评,申请开票,保险服务,￥0.00
2021-09-03订单号: 2079407124997658774 奥林格厨房电器旗舰店,补差价链接 [交易快照],￥1.00,10,申请售后,￥10.00,(含运费：￥0.00),交易成功,订单详情,申请开票
2021-09-03订单号: 2080379485192658774 精品折扣服饰店,5双 佐印ZEROIN男士纯棉薄款夏季中筒袜子男运动刺绣短筒字母黑白 [交易快照],颜色分类：五款各一尺码：均码,￥26.00,1,申请售后,投诉卖家,运费险已出单,￥23.76,(含运费：￥0.00),交易成功,订单详情,双方已评,保险服务,￥0.00
2021-08-31订单号: 2071018908113658774 天猫超市,小熊恒温杯垫55度暖暖杯便携式热牛奶神器办公室加热杯垫迷你小型,颜色分类：薄荷绿【智能恒温版】,￥99.00,1,违规举报,￥68.84,(含运费：￥0.00),交易关闭,订单详情
2021-08-31订单号: 2070952164286658774 barpa护肤美妆,Barpa欧莱雅紫熨斗眼霜小样7.5ml*4支=30ml 紧致细纹淡黑眼圈全脸 [交易快照],￥178.00,￥75.00,1,查看退款,投诉卖家,￥81.83,(含运费：￥0.00,进口税：￥6.83),交易关闭,订单详情,保险服务,￥0.00
2021-08-28订单号: 2063673254306658774 溪溪美妆全球购,新版日本资生堂男士洗面奶清爽控油保湿清洁毛孔洁面膏保湿125ml [交易快照],化妆品净含量：125g/ml,￥136.00,￥119.00,1,申请售后,投诉卖家,￥119.00,(含运费：￥0.00),交易成功,订单详情,双方已评
2021-08-23订单号: 2049289740444658774 天猫国际进口超市,【国内专柜】日本资生堂男士护肤水150ml保湿补水爽肤水正品夏季 [交易快照],化妆品净含量：150ml,￥260.00,￥228.00,1,违规举报,退运保险,￥169.00,(含运费：￥0.00),交易关闭,订单详情,保险服务,￥0.00
2021-08-23订单号: 2051533587828658774 奋斗时代正品保证,日本资生堂男士洗面膏125ML控油去油温和泡沫洁面洗面奶保湿正品 [交易快照],￥140.00,￥138.00,1,查看退款,投诉卖家,垫付（138.00元）,￥138.00,(含运费：￥0.00),交易关闭,订单详情
2021-08-22订单号: 2049056966288658774 嫦香诗旗舰店,内衣女夏小胸聚拢薄款无钢圈收副乳防下垂夏季少女性惑文胸罩套装 [交易快照],颜色分类：奶酪色-单件尺码：75A=34A【舒适无钢圈】,￥138.00,￥69.00,1,违规举报,退运保险,￥59.00,(含运费：￥0.00),交易关闭,订单详情,保险服务,￥0.00
2021-08-22订单号: 2049628503550658774 jissbon杰士邦官方旗舰店,杰士邦SKYN极肤玻尿酸避孕套男用超薄安全套官方旗舰店正品非乳胶 [交易快照],颜色分类：【超润玻尿酸14只】肤感玻尿酸10+肤感润4避孕套规格：其它规格颜色：其它颜色,￥139.00,￥129.00,2,违规举报,退运保险,￥238.00,(含运费：￥0.00),交易关闭,订单详情,保险服务,￥0.00
2021-08-22订单号: 2047298004535658774 天猫国际进口超市,杰士邦极肤skyn避孕套零感超薄玻尿酸男用安全套正品旗舰店官方tt [交易快照],颜色分类：纯极肤套套【共10只】极肤玻尿酸6+极肤润4避孕套规格：其它规格颜色：其它颜色,￥159.00,￥59.00,2,查看退款,投诉商家,退运保险,￥78.50,(含运费：￥0.00),交易关闭,订单详情,保险服务,￥0.00
2021-08-22订单号: 2049607875551658774 天猫国际进口超市,杰士邦极肤skyn避孕套零感超薄玻尿酸男用安全套正品旗舰店官方tt [交易快照],颜色分类：纯极肤套套【共10只】极肤玻尿酸6+极肤润4避孕套规格：其它规格颜色：其它颜色,￥159.00,￥59.00,2,违规举报,退运保险,￥78.50,(含运费：￥0.00),交易关闭,订单详情,保险服务,￥0.00
2021-08-22订单号: 2048438305317658774 天猫国际进口超市,【直营】L'OREAL /欧莱 雅紫熨斗 提拉紧致全脸保湿 眼霜30ml [交易快照],净含量：30ml,￥329.00,￥218.00,1,退运保险,￥191.00,(含运费：￥0.00,进口税：价格已含税),交易关闭,订单详情,保险服务,￥0.00
2021-08-22订单号: 2048878154125658774 天猫国际进口超市,【直营】L'OREAL /欧莱 雅紫熨斗 提拉紧致全脸保湿 眼霜30ml [交易快照],净含量：30ml,￥329.00,￥218.00,1,退运保险,￥191.00,(含运费：￥0.00,进口税：价格已含税),交易关闭,订单详情,保险服务,￥0.00
2021-10-13订单号: 2178197065018658774 其妙旗舰店,水果味切片糖万圣节糖果散装发批高颜值小硬糖儿童零食网红棒棒糖 [交易快照],口味：水果切片糖500g+送500g（发2袋500g/仅16.9）限量,￥29.90,￥16.90,1,申请售后,退运保险,￥14.90,(含运费：￥0.00),交易成功,订单详情,双方已评,申请开票,保险服务,￥0.00
2021-10-12订单号: 2173180500644658774 kinwin旗舰店,电动摩托车挡风被冬季加厚加绒防寒防晒罩秋冬天电车电瓶防水防风 [交易快照],款式：连体款颜色分类：【至尊豪华款】格子游戏 大侧翼+口袋,￥168.00,￥62.90,1,申请售后,￥62.90,(含运费：￥0.00),交易成功,订单详情,双方已评,申请开票
2021-10-12订单号: 2172994632022658774 资莱皙旗舰店,【亲子日价】空气清新剂室内厕所除臭香味神器持久留香家用卧室卫生间香氛香薰 [交易快照],颜色分类：02#盐盐冷棉【拍下选赠品】,￥128.00,￥29.90,1,申请售后,运费险已出单,￥29.90,(含运费：￥0.00),交易成功,订单详情,双方已评,申请开票,01#汁汁白桃 [交易快照],￥168.00,￥0.00,1,申请售后,保险服务,￥0.00
2021-10-11订单号: 2172201192466658774 花印护肤品店,日本花印男士专用沐浴露持久留香补水保湿滋润三合一焕能沐浴液乳 [交易快照],化妆品净含量：380ml,￥139.00,￥89.00,1,查看退款,投诉卖家,退运保险,￥78.92,(含运费：￥0.00),交易关闭,订单详情,【买家秀有奖征集】点亮5星+15字评价+3张晒图 送2元现金红包 [交易快照],￥10.00,￥0.00,1,投诉卖家,保险服务,￥0.00
2023-01-11订单号: 1795579861104658774 腾飞腾达数码专营店,腾飞hdmi转dvi线限时优惠中 [交易快照],颜色分类：加粗线芯-工程推荐长度：1米,发货时间：01月13日 15:18前发货,￥29.00,￥11.90,1,查看退款,投诉商家,￥6.90,(含运费：￥0.00),交易关闭,订单详情,申请开票
2023-01-11订单号: 1795525502988658774 川渝美食特产批发零售,重庆直发正宗烧烤苕皮Q弹软糯 [交易快照],净含量：苕皮2.6斤约17张（15x18cm）,发货时间：01月13日 13:47前发货,￥19.90,￥11.80,1,申请售后,投诉卖家,￥11.45,(含运费：￥0.00),交易成功,订单详情,花呗账单,查看物流,评价,再次购买
2023-01-10订单号: 1794159480796658774 华源医疗用品店,澳佳葆否皮肤大容量消毒液上新装 [交易快照],净含量：2000ml套餐类型：套餐一,发货时间：01月22日 14:01前发货,￥86.00,￥49.80,1,投诉卖家,￥24.82,(含运费：￥0.00),交易关闭,订单详情
2023-01-09订单号: 1793196948663658774 小贝家DIY饰品材料店,2023兔年灯笼儿童手提灯笼材料包 [交易快照],颜色分类：国风兔子灯笼【福兔款】,发货时间：01月14日 16:18前发货，受疫情影响，物流时效可能延迟,￥17.60,￥8.80,1,查看退款,投诉卖家,运费险已出单,￥7.75,(含运费：￥0.00),交易关闭,订单详情,保险服务,￥0.00
2023-01-07订单号: 1791478416851658774 大自然特产商城,纯可可脂俄罗斯原装进口黑巧克力 [交易快照],食品口味：26块无蔗糖【99%逆天苦】140g,发货时间：01月09日 17:27前发货,￥37.80,￥18.90,1,申请售后,投诉卖家,￥16.45,(含运费：￥0.00),交易成功,订单详情,花呗账单,查看物流,对方已评,评价,再次购买
2023-01-07订单号: 1790985972114658774 简简单单玩具旗舰店,兔兔毛绒布艺羽绒棉可爱变装兔 [交易快照],颜色分类：变装兔&mdash：胡萝卜高度：30厘米【超软羽绒棉填充】,￥58.00,￥29.00,1,申请售后,投诉商家,运费险已出单,￥23.11,(含运费：￥0.00),交易成功,订单详情,花呗账单,查看物流,评价,申请开票,保险服务,￥0.00
2022-12-24订单号: 1779193887011658774 云朵资料屋,22下教资面试小学初中高中语文数学英语结构化逐字稿网课视频课程 [交易快照],付款方式：初中类型：生物,发货时间：12月26日 21:52前发货,￥6.66,1,申请售后,投诉卖家,￥6.47,(含运费：￥0.00),交易成功,订单详情,查看物流,双方已评,追加评论
2022-12-24订单号: 1778434356742658774 好学上教育,2023卢姨幼儿园小学初高中语文数学英语美术教资面试押题课程网课 [交易快照],付款方式：2023初中面试类型：生物,发货时间：12月26日 21:40前发货,￥6.90,1,查看退款,申请售后,投诉卖家,￥6.90,(含运费：￥0.00),交易成功,订单详情,查看物流,追加评论
2022-12-23订单号: 1778028746921658774 嘻螺会食品旗舰店,双倍辣螺蛳粉315g*5袋柳州 [交易快照],口味：双倍辣315g*5包,发货时间：12月30日 15:02前发货,￥65.00,￥36.80,1,申请售后,￥30.80,(含运费：￥0.00),交易成功,订单详情,花呗账单,查看物流,双方已评,追加评论,再次购买,申请开票
2022-12-14订单号: 1769337048982658774 豫佳工厂直营,95度酒精拔罐工业酒精火疗拔罐专用火锅大桶装工业酒精95%清洁 [交易快照],净含量：2000ml,发货时间：01月22日 14:01前发货,￥22.90,￥17.60,1,投诉卖家,退运保险,￥17.60,(含运费：￥0.00),交易关闭,订单详情,保险服务,￥0.00
2022-12-13订单号: 1769095382254658774 爱尚素材铺,2022车载音乐下载包无损音源抖音流行DJ热门MP3新歌曲MV免费下载 [交易快照],发货时间：12月16日 22:08前发货,￥0.88,￥0.66,1,申请售后,投诉卖家,￥0.66,(含运费：￥0.00),交易成功,订单详情,查看物流,双方已评,追加评论
2022-12-11订单号: 1766500142278658774 子奕旗舰店,【双12价】北欧ins风简约幻彩玻璃花瓶水培鲜花插花小花瓶客厅水养创意摆件 [交易快照],颜色分类：北欧款大号（电镀七彩）尺寸：中等,￥25.60,￥12.80,1,申请售后,运费险已出单,￥11.42,(含运费：￥0.00),交易成功,订单详情,查看物流,追加评论,申请开票,保险服务,￥0.00
2022-12-08订单号: 1760524716517658774 阿里健康大药房,原始人3d立体口罩医用外科一次性医疗正品不花妆单独立包装黑白色 [交易快照],颜色分类：3D立体显瘦【M码30只白色独立装】医用外科口罩,￥49.00,￥14.80,1,申请售后,退运保险,￥11.80,(含运费：￥0.00),交易成功,订单详情,花呗账单,查看物流,追加评论,申请开票,保险服务,￥0.00
2022-12-08订单号: 1761177723778658774 阿里健康大药房,原始人3d立体口罩医用外科一次性医疗正品不花妆单独立包装黑白色 [交易快照],颜色分类：3D立体显瘦【M码60只白色独立装】医用外科口罩,￥89.00,￥28.80,1,违规举报,退运保险,￥25.80,(含运费：￥0.00),交易关闭,订单详情,保险服务,￥0.00
2022-12-07订单号: 1760251368684658774 皇颂旗舰店,羽绒棉摩托车挡风冬季骑行护腿 [交易快照],颜色分类：70cm魔术贴反光条护脚踝（收藏下单送手套）,￥138.00,￥69.00,1,申请售后,运费险已出单,￥69.00,(含运费：￥0.00),交易成功,订单详情,花呗账单,查看物流,追加评论,申请开票,保险服务,￥0.00
2022-12-05订单号: 1758302439893658774 健美创研旗舰店,【佳埼推荐】3包,加大加厚洗脸巾 [交易快照],颜色分类：3包装-【加厚款珍珠纹50片】,￥38.00,￥13.80,1,申请售后,￥13.80,(含运费：￥0.00),交易成功,订单详情,查看物流,追加评论,申请开票,保险服务,￥0.00
2022-12-04订单号: 1757833862210658774 龙邮天际,mail.ru [交易快照],￥1.00,1,查看退款,申请售后,投诉卖家,￥1.00,(含运费：￥0.00),交易成功,订单详情,查看物流,追加评论
2022-12-03订单号: 1757285761847658774 LXS STUDIO,LXS STUDIO 米色雪尼尔重磅裤子男加绒加厚直筒垂感阔腿拖地长裤 [交易快照],颜色：米色加绒尺码：L,发货时间：01月22日 14:01前发货,￥338.00,￥115.00,1,投诉卖家,退运保险,￥112.44,(含运费：￥0.00),交易关闭,订单详情,保险服务,￥0.00
2022-11-23订单号: 1747148376678658774 景也旗舰店,新骨瓷日式大众易清洗耐高温 [交易快照],颜色分类：黑线山田8英寸汤碗1只装+大汤勺1个,￥29.60,￥14.80,1,违规举报,￥14.80,(含运费：￥0.00),交易关闭,订单详情
2022-11-22订单号: 1747300154555658774 莱之美医疗器械专营店,亿信成人医疗一次性外科口罩三层 [交易快照],颜色分类：50只【深蓝色】独立包装1个1包,￥26.00,￥24.80,1,申请售后,运费险已出单,￥23.80,(含运费：￥0.00),交易成功,订单详情,花呗账单,查看物流,双方已评,追加评论,再次购买,申请开票,保险服务,￥0.00
2022-11-12订单号: 1737980835594658774 云蕾居家日用旗舰店,云蕾一次性防水美容院专用染发帽 [交易快照],颜色分类：100只装（盒装）,￥25.90,￥15.90,1,申请售后,运费险已出单,￥12.90,(含运费：￥0.00),交易成功,订单详情,花呗账单,查看物流,双方已评,追加评论,申请开票,保险服务,￥0.00
2022-11-11订单号: 3025430496693658774 天猫超市,白象国产大辣娇韩式火鸡面119g*5袋网红速食夜宵方便泡面非螺狮粉,购买规格：1件,￥16.80,￥15.90,1,申请售后,￥12.43,(含运费：￥6.00),交易成功,订单详情,花呗账单,查看物流,双方已评,追加评论,再次购买,申请开票,发货清单
2022-11-11订单号: 3026091925209658774 天猫超市,云蕾一次性浴帽 防水成人女款头套帽加厚洗澡淋浴帽染发帽100只,购买规格：1件,￥19.90,1,违规举报,￥10.93,(含运费：￥6.00),交易关闭,订单详情,再次购买
2022-11-11订单号: 3026075725628658774 云蕾居家日用旗舰店,云蕾一次性防水美容院专用染发帽 [交易快照],颜色分类：100只装（盒装）,￥25.90,￥14.31,1,违规举报,退运保险,￥14.31,(含运费：￥0.00),交易关闭,订单详情,保险服务,￥0.00
2022-11-11订单号: 3025346004520658774 今麦郎旗舰店,今麦郎非油炸牛肉板面 [交易快照],口味：板面混装6桶（卤香*2+麻辣*2+香辣*2）,发货时间：11月16日 22:52前发货，受疫情影响，物流时效可能延迟,￥58.90,￥29.60,1,查看退款,投诉商家,运费险已出单,￥28.60,(含运费：￥0.00),交易关闭,订单详情,再次购买,申请开票,保险服务,￥0.00
2022-11-11订单号: 3022612563054658774 卡宾男鞋旗舰店,Cabbeen/卡宾一帆风顺拼色高帮鞋 [交易快照],颜色分类：青色尺码：42[比运动鞋偏大一码],￥788.00,￥422.00,1,违规举报,退运保险,￥372.00,(含运费：￥0.00),交易关闭,订单详情,保险服务,￥0.00
2022-11-10订单号: 1734296628632658774 喵速达电器官方旗舰店,【阿里官方自营】苹果Apple 13 [交易快照],机身颜色：星光色存储容量：128GB网络类型：无需合约版套餐类型：官方标配版本类型：中国大陆,￥5399.00,1,违规举报,退运保险,￥4649.00,(含运费：￥0.00),交易关闭,订单详情,增值服务：原厂保修 原厂保修服务,服务内容：原厂保修服务,￥0.00,1,保险服务,￥0.00
2022-11-10订单号: 1734879145773658774 珍行足衣旗舰店,纯棉袜子珍行足衣保暖男 [交易快照],颜色分类：买家自选5双（无备注留言随机发）尺码：适合38-44码【收藏加购送运费险】,￥99.00,￥53.10,1,查看退款,投诉商家,运费险已出单,￥43.37,(含运费：￥0.00),交易关闭,订单详情,申请开票,保险服务,￥0.00
2022-11-10订单号: 1734879145774658774 健美创研旗舰店,5包,加大加厚,纯棉不掉絮,洗脸巾 [交易快照],颜色分类：5包（洗脸巾50片）+2包（压缩浴巾）,￥68.00,￥26.90,1,申请售后,退运保险,￥21.97,(含运费：￥0.00),交易成功,订单详情,花呗账单,查看物流,双方已评,追加评论,申请开票,保险服务,￥0.00
2022-11-10订单号: 1734879145775658774 百茂旗舰店,网红好柿发生毛绒钥匙扣 [交易快照],颜色分类：桃你欢心粉双面字牌+粉桃毛线挂件,￥23.60,￥10.62,1,申请售后,退运保险,￥16.75,(含运费：￥0.00),交易成功,订单详情,花呗账单,查看物流,双方已评,申请开票,追加评论,网红好柿发生毛绒钥匙扣 [交易快照],颜色分类：毛线香橙挂件（前程似锦）,￥23.60,￥10.62,1,申请售后,退运保险,追加评论,保险服务,￥0.00
2022-11-10订单号: 1734879145778658774 漫花旗舰店,大包干湿两用棉柔洗脸巾 [交易快照],款式：加大加厚80片*1包,￥19.90,￥14.90,1,查看退款,投诉商家,退运保险,￥7.31,(含运费：￥0.00),交易关闭,订单详情,申请开票,保险服务,￥0.00
2022-11-10订单号: 1734879145779658774 卡宾男鞋旗舰店,Cabbeen/卡宾一帆风顺拼色高帮鞋 [交易快照],颜色分类：青色尺码：41[比运动鞋偏大一码],￥788.00,￥379.00,1,查看退款,投诉商家,运费险已赔付,垫付（318.68元）,￥309.54,(含运费：￥0.00),交易关闭,订单详情,申请开票,保险服务,￥0.00
2022-11-10订单号: 1734879145780658774 空城计旗舰店,潮流宽松直筒潮牌休闲长裤 [交易快照],颜色：黑色尺码：XL,￥298.00,￥133.20,1,查看退款,投诉商家,退运保险,￥108.78,(含运费：￥0.00),交易关闭,订单详情,申请开票,保险服务,￥0.00
2022-11-04订单号: 1726496655230658774 维宇网络科技,扩容 自己账户 快速发货 [交易快照],颜色分类：【1T1年】特价7x24小时秒发[自己账户],发货时间：11月07日 15:50前发货,￥55.00,1,申请售后,投诉卖家,￥55.00,(含运费：￥0.00),交易成功,订单详情,查看物流,双方已评,追加评论
2022-11-04订单号: 1725743964529658774 秋念繁星,onedrive扩容10G容量自己账户邀请升级官方安全稳定7*24小时自助 [交易快照],颜色分类：永久扩容10G,发货时间：11月05日 13:56前发货,￥2.00,1,申请售后,投诉卖家,￥2.00,(含运费：￥0.00),交易成功,订单详情,查看物流,双方已评,追加评论
2022-10-29订单号: 1718503070202658774 科炫 3c数码配件,压缩空气罐除尘罐除尘剂高压清洁电脑数码单反镜头风扇散热器键盘 [交易快照],发货时间：10月30日 15:09前发货,￥12.60,1,售后成功,投诉卖家,运费险已出单,￥12.49,(含运费：￥0.00),交易成功,订单详情,查看物流,双方已评,追加评论,保险服务,￥0.00
2022-10-23订单号: 1711245000774658774 玫瑰花开女鞋店,简单百搭一脚蹬懒人牛皮小白鞋女 [交易快照],颜色分类：黑色尺码：37,发货时间：10月24日 23:05前发货,￥598.00,￥118.00,1,查看退款,投诉卖家,运费险已赔付,垫付（109.46元）,￥109.46,(含运费：￥0.00),交易关闭,订单详情,保险服务,￥0.00
2022-10-22订单号: 1710262596389658774 邦夫金熊旗舰店,学生坐垫凳子椅子垫子记忆棉教室用软舒适久坐椅垫座垫屁股垫冬季 [交易快照],颜色分类：柴犬BLM记忆棉学生坐垫尺寸：小号约35X24厘米（防滑底+双搭扣）,￥38.00,￥22.80,1,违规举报,￥22.12,(含运费：￥0.00),交易关闭,订单详情
2022-10-22订单号: 1710262992027658774 海美奇旗舰店,可定制 加厚 记忆棉 屁股 垫子 [交易快照],颜色分类：BLM-柴犬坐垫【记忆棉内胆，可拆洗】尺寸：小号 24X35cm【双塔扣设计】,24小时内发货,￥50.00,￥25.00,1,违规举报,退运保险,￥25.00,(含运费：￥0.00),交易关闭,订单详情,保险服务,￥0.00
2022-10-22订单号: 1710938173460658774 初奢家居旗舰店,记忆棉加厚学生坐垫长方形椅子 [交易快照],颜色分类：加厚坐垫-灰二哈尺寸：记忆棉35x24x4cm底部防滑【双绑带搭扣】,24小时内发货,￥43.60,￥23.00,1,违规举报,退运保险,￥23.00,(含运费：￥0.00),交易关闭,订单详情,保险服务,￥0.00
2022-10-22订单号: 1710934322417658774 初奢家居旗舰店,记忆棉加厚学生坐垫长方形椅子 [交易快照],颜色分类：加厚坐垫-灰二哈尺寸：记忆棉35x24x4cm底部防滑【双绑带搭扣】,24小时内发货,￥43.60,￥23.00,1,违规举报,退运保险,￥23.00,(含运费：￥0.00),交易关闭,订单详情,保险服务,￥0.00
2022-10-21订单号: 1709961493741658774 千芸化妆品专营店,花印玫瑰身体乳留香补水滋润保湿 [交易快照],净含量：400ml香味：玫瑰,￥199.00,￥75.00,1,违规举报,￥54.00,(含运费：￥0.00),交易关闭,订单详情,保险服务,￥0.00
2022-10-21订单号: 1709280912846658774 花印三贤雅堂专卖店,花印身体乳保湿滋润补水日本 [交易快照],净含量：400ml适合肤质：所有肤质,￥129.00,￥69.00,1,申请售后,运费险已出单,￥55.93,(含运费：￥0.00),交易成功,订单详情,花呗账单,查看物流,双方已评,追加评论,申请开票,保险服务,￥0.00
2022-10-15订单号: 1703565519749658774 晨光百联硕专卖店,晨光4B橡皮柔软易擦 留屑集中 [交易快照],颜色分类：【10块】4B米菲款橡皮 中号,￥8.10,￥6.50,1,违规举报,退运保险,￥6.50,(含运费：￥0.00),交易关闭,订单详情,保险服务,￥0.00
2022-10-15订单号: 1702919964209658774 联合利华官方旗舰店,多芬滋养沐浴露单瓶装 [交易快照],净含量：1000g香味：轻柔活肤,￥63.50,￥41.90,1,违规举报,￥41.90,(含运费：￥0.00),交易关闭,订单详情,保险服务,￥0.00
2022-10-14订单号: 1702660911668658774 电竞潮男,罗技G402 游戏鼠标有线电竞吃鸡宏机械LOL专用台式机电脑大手光电 [交易快照],颜色分类：G402[全新-2年官保]套餐类型：官方标配,￥299.00,￥229.00,1,投诉卖家,退运保险,￥172.28,(含运费：￥0.00),交易关闭,订单详情,保险服务,￥0.00
2022-10-11订单号: 1699251855766658774 千芸化妆品专营店,花印玫瑰身体乳留香补水滋润保湿 [交易快照],净含量：400ml香味：玫瑰,￥199.00,￥75.00,1,违规举报,￥57.00,(含运费：￥0.00),交易关闭,订单详情,保险服务,￥0.00
2022-10-10订单号: 1697770599116658774 Apple Store 官方旗舰店,Apple/苹果 iPhone 13 [交易快照],机身颜色：粉色存储容量：128GB网络类型：无需合约版,￥5399.00,1,违规举报,￥5399.00,(含运费：￥0.00),交易关闭,订单详情
2022-10-06订单号: 1692795397156658774 莱之美医疗器械专营店,亿信成人医疗一次性外科口罩三层 [交易快照],颜色分类：50只【深蓝色】独立包装1个1包,￥26.00,￥24.80,1,违规举报,退运保险,￥23.80,(含运费：￥0.00),交易关闭,订单详情,再次购买,保险服务,￥0.00
2022-10-01订单号: 1687625436372658774 健美创研旗舰店,【佳埼推荐】高级安全型修眉刀 [交易快照],颜色分类：（新手套装A）修眉4件套,￥28.00,￥14.90,1,申请售后,运费险已出单,￥14.90,(含运费：￥0.00),交易成功,订单详情,查看物流,双方已评,追加评论,申请开票,保险服务,￥0.00
2022-10-01订单号: 1687624140209658774 健美创研旗舰店,【佳埼推荐】高级安全型修眉刀 [交易快照],颜色分类：（新手套装A）修眉4件套,￥28.00,￥14.90,1,查看退款,投诉商家,退运保险,￥14.90,(含运费：￥0.00),交易关闭,订单详情,申请开票,保险服务,￥0.00
2022-09-30订单号: 1687194121833658774 长兴壹号包装批发商城,包邮环保透明热熔胶黄色粘性 [交易快照],颜色分类：7*190mm透明高粘型10根,￥3.00,1,投诉卖家,￥3.00,(含运费：￥0.00),交易关闭,订单详情
2022-09-30订单号: 1687045262387658774 居家家您身边的居家伴侣,居家家长发防静电天然桃木梳子 [交易快照],颜色分类：月牙檀木梳&amp：17cm,￥14.30,￥12.90,1,申请售后,投诉卖家,运费险已出单,￥13.87,(含运费：￥0.00),交易成功,订单详情,查看物流,双方已评,追加评论,保险服务,￥0.97
2022-09-29订单号: 1686550082355658774 邦夫金熊旗舰店,舒适小学高中神器长方形坐垫椅垫 [交易快照],颜色分类：柴犬YL学生坐垫尺寸：大号约38X35厘米（防滑底+有搭扣）,￥48.00,￥28.80,1,申请售后,￥27.94,(含运费：￥0.00),交易成功,订单详情,查看物流,双方已评,追加评论,申请开票
2022-09-17订单号: 1673190591004658774 漫花旗舰店,纸巾抽纸整箱批发卫生纸 [交易快照],包装规格：30包,￥48.99,￥32.99,1,申请售后,运费险已出单,￥27.99,(含运费：￥0.00),交易成功,订单详情,查看物流,双方已评,追加评论,查看礼包,申请开票,保险服务,￥0.00
2022-09-08订单号: 1666189959163658774 gpn旗舰店,特大号猫抓板猫窝一体耐磨不掉屑 [交易快照],颜色分类：特大号加厚款【适用15斤内】今日下单送猫薄荷,￥24.80,￥16.80,1,申请售后,运费险已出单,￥11.80,(含运费：￥0.00),交易成功,订单详情,查看物流,追加评论,申请开票,保险服务,￥0.00
2022-09-05订单号: 1663616750482658774 金鑫通讯数码,Apple/苹果Pencil电容笔iPad Pro平板绘画手写笔一代二代压感原装 [交易快照],颜色分类：二代/国行/原盒笔/官方在保[99新/送礼包],发货时间：09月07日 22:45前发货,￥678.00,￥658.00,1,查看退款,投诉卖家,运费险已赔付,垫付（658.00元）,￥658.00,(含运费：￥0.00),交易关闭,订单详情,保险服务,￥0.00
2022-09-05订单号: 1663570635806658774 达达ipad数码,applepencil电容笔ipad原装笔防误触苹果笔一代2代ipencil二代pro [交易快照],颜色分类：原装二代pencil苹果笔[一年换新],发货时间：01月22日 14:01前发货,￥698.00,1,投诉卖家,￥593.00,(含运费：￥0.00),交易关闭,订单详情
2022-09-04订单号: 1662731115212658774 周赟,ps证件照之星插件一键换底色换装滤镜批量磨皮裁剪教程素材完整版 [交易快照],发货时间：09月06日 21:34前发货,￥1.27,1,申请售后,投诉卖家,￥1.27,(含运费：￥0.00),交易成功,订单详情,查看物流,双方已评,追加评论
2022-09-02订单号: 1660401879733658774 我的梦想是世界和平,适用于 reno玻璃后盖opporenoZ手机后壳替换reno电池盖外屏原装厂 [交易快照],颜色分类：RenoZ玻璃后盖-星辰紫[带背胶无辅料],发货时间：01月22日 14:01前发货,￥29.50,￥18.50,1,投诉卖家,￥18.50,(含运费：￥0.00),交易关闭,订单详情
2022-08-31订单号: 1658717043425658774 信诺医疗用品馆,【24h发货】75%酒精医用消毒液 [交易快照],净含量：2000ml套餐类型：套餐一,发货时间：09月02日 14:16前发货,￥56.00,￥19.80,1,申请售后,投诉卖家,￥16.80,(含运费：￥0.00),交易成功,订单详情,查看物流,双方已评,追加评论
2022-08-29订单号: 1655759352709658774 得力文具专卖店,得力封箱胶带加宽加长不易断 [交易快照],颜色分类：【超透款】宽4.8cm*长40m/1卷,￥10.00,￥5.00,1,申请售后,运费险已出单,￥5.00,(含运费：￥0.00),交易成功,订单详情,查看物流,双方已评,追加评论,申请开票,保险服务,￥0.00
2022-08-29订单号: 1655759388460658774 得力盈达专卖店,得力大卷透明胶带快递打包封箱带 [交易快照],颜色分类：【超透款】宽4.8cm*长40m/1卷,￥10.00,￥5.00,1,违规举报,￥5.00,(含运费：￥0.00),交易关闭,订单详情
2022-08-28订单号: 1656306949572658774 华源医疗用品店,澳佳葆否皮肤大容量消毒液上新装 [交易快照],净含量：2000ml套餐类型：套餐一,发货时间：08月30日 21:06前发货,￥40.98,￥15.98,1,查看退款,投诉卖家,￥13.98,(含运费：￥0.00),交易关闭,订单详情
2022-08-27订单号: 1654655414287658774 大莞家旗舰店,厨房一次性保鲜膜切割器家用保鲜膜罩食品专用切割盒磁吸冰箱神器 [交易快照],颜色分类：保鲜膜3卷-每卷50米-共150米件数：1,￥59.80,￥22.90,1,申请售后,退运保险,￥22.90,(含运费：￥0.00),交易成功,订单详情,查看物流,双方已评,追加评论,申请开票,保险服务,￥0.00
2022-08-27订单号: 1653936888443658774 优思居旗舰店,保鲜膜切割器厨房一次性家用壁挂 [交易快照],颜色分类：保鲜膜三卷-每卷50米-共150米件数：1,￥25.00,￥22.90,1,违规举报,￥17.32,(含运费：￥0.00),交易关闭,订单详情
2022-08-22订单号: 1651140554415658774 九阳厨具旗舰店,九阳电子秤高精准克称厨房家用 [交易快照],颜色分类：0.1g高精度+5KG大量程+防水+高灵敏【店长推荐】,发货时间：01月25日 14:01前发货,￥199.00,￥55.00,1,违规举报,退运保险,￥55.00,(含运费：￥0.00),交易关闭,订单详情,保险服务,￥0.00
2022-08-20订单号: 1648972345190658774 罗妈川味,手搓气泡冰粉1斤商用装 [交易快照],口味：头茬籽半斤（约做40碗送石灰纱布,发货时间：08月22日 15:03前发货,￥26.80,1,申请售后,投诉卖家,￥26.80,(含运费：￥0.00),交易成功,订单详情,花呗账单,查看物流,双方已评,追加评论,再次购买
2022-08-15订单号: 1644719053995658774 佰盈通讯,佰盈适用oppo reno后盖原装玻璃RenoZ电池盖Reno十倍版后屏原厂 [交易快照],颜色分类：RenoZ紫色后盖[送胶水],￥17.00,1,查看退款,投诉卖家,运费险已赔付,垫付（17.00元）,￥17.00,(含运费：￥0.00),交易关闭,订单详情,保险服务,￥0.00
2022-08-15订单号: 1644685431168658774 我的梦想是世界和平,适用于 reno玻璃后盖opporenoZ手机后壳替换reno电池盖外屏原装厂 [交易快照],颜色分类：RenoZ玻璃后盖-星辰紫+辅料[背胶散热辅料齐全],￥34.50,￥24.50,1,投诉卖家,￥24.50,(含运费：￥0.00),交易关闭,订单详情
2022-08-15订单号: 1643942208347658774 旭辉数码,适用于opporeno原装玻璃 RenoZ电池后盖 原10倍变焦后壳 [交易快照],颜色分类：RenoZ【星辰紫】[散热棉+后盖背胶],￥35.00,1,投诉卖家,￥35.00,(含运费：￥0.00),交易关闭,订单详情
2022-08-15订单号: 1644633698871658774 漫花旗舰店,【u先试用】拍下7.9元漫花洗脸巾 [交易快照],包数：1包,￥21.90,￥7.90,1,申请售后,运费险已出单,￥7.90,(含运费：￥0.00),交易成功,订单详情,双方已评,追加评论,申请开票,保险服务,￥0.00
2022-08-14订单号: 1643198484741658774 九阳电器特惠总店,九阳磨粉机杯电动干湿两用S1-M81家用小型打粉超细干磨研磨机中药 [交易快照],颜色分类：褐色（双杯双刀）,￥202.00,￥91.00,1,申请售后,投诉卖家,运费险已出单,￥85.00,(含运费：￥0.00),交易成功,订单详情,花呗账单,双方已评,保险服务,￥0.00
2022-08-14订单号: 1643872118123658774 九阳厨房电器总店,九阳磨粉机小型家用打粉机超细粉碎干磨中药材电动研磨机S1-M81 [交易快照],颜色分类：褐色,￥88.00,1,投诉卖家,退运保险,￥88.00,(含运费：￥0.00),交易关闭,订单详情,保险服务,￥0.00
2022-08-14订单号: 1643938573719658774 九阳生活电器旗舰店,九阳多功能家用磨粉机 [交易快照],颜色分类：棕色-双杯款,￥999.00,￥129.90,1,违规举报,退运保险,￥109.62,(含运费：￥0.00),交易关闭,订单详情,保险服务,￥0.00
2022-08-14订单号: 1643907507150658774 九阳生活电器旗舰店,九阳磨粉机到手低至99.9 [交易快照],颜色分类：秘境黑,￥999.00,￥119.90,1,违规举报,退运保险,￥77.91,(含运费：￥0.00),交易关闭,订单详情,保险服务,￥0.00
2022-08-14订单号: 1642605348819658774 罗妈川味,手搓气泡冰粉1斤商用装 [交易快照],口味：头茬籽100g（约做16碗送石灰纱布,￥16.80,1,申请售后,投诉卖家,￥16.80,(含运费：￥0.00),交易成功,订单详情,双方已评,追加评论
2022-08-12订单号: 2816499709714658774 探营者旗舰店,行李箱锁扣配件密码锁海关锁替换 [交易快照],颜色分类：XLN66#左边锁一个,￥25.60,￥12.80,1,违规举报,￥12.42,(含运费：￥0.00),交易关闭,订单详情
2022-08-12订单号: 2817016635211658774 乐何文具,彩色手帐镊子和纸胶带拼贴工具 [交易快照],颜色分类：粉色镊子2把+笔刀+小黄铲,￥13.80,￥12.80,1,查看退款,投诉卖家,￥12.42,(含运费：￥0.00),交易关闭,订单详情
2022-08-12订单号: 2817016635212658774 佳佳文具优选,新品小麻薯胶带整卷球风特油手账 [交易快照],颜色分类：就知道吃第一弹[【5米】]长度：5m,￥13.80,1,申请售后,投诉卖家,￥27.60,(含运费：￥0.00),交易成功,订单详情,花呗账单,双方已评,追加评论,新品小麻薯胶带整卷球风特油手账 [交易快照],颜色分类：就知道吃第二弹[【5米】]长度：5m,￥13.80,1,申请售后,投诉卖家
2022-08-12订单号: 2817016635215658774 韶光慢手帐店,新品小麻薯胶带手帐全套整卷可爱 [交易快照],颜色分类：巧克力色[大学那些事分装],￥6.50,1,申请售后,投诉卖家,￥6.50,(含运费：￥0.00),交易成功,订单详情,花呗账单,双方已评,追加评论
2022-08-12订单号: 2817016635216658774 承拓四海办公用品专营店,小麻薯离型本送配套礼盒工具 [交易快照],颜色分类：A4樱花漫漫/送6张贴纸,￥28.30,￥19.80,1,申请售后,￥19.80,(含运费：￥0.00),交易成功,订单详情,花呗账单,双方已评,追加评论,申请开票
2022-08-12订单号: 1642275805785658774 mosbo数码旗舰店,蓝光手机 reno无白边原装刚化 [交易快照],适用手机型号：OPPO Reno Z颜色分类：oppo renoZ 全屏钻石【黑色】高清3片,￥15.90,￥12.90,1,申请售后,￥12.90,(含运费：￥0.00),交易成功,订单详情,双方已评,申请开票,追加评论,征集买家秀【视频+晒图+20字评语】截图联系客服，领取2元红包 [交易快照],￥35.80,￥0.00,1,申请售后
2022-08-12订单号: 1642182854405658774 佰盈通讯,佰盈适用oppo reno后盖原装玻璃RenoZ电池盖Reno十倍版后屏原厂 [交易快照],颜色分类：RenoZ紫色后盖【原】[完美贴合],￥70.00,1,查看退款,投诉卖家,退运保险,￥70.00,(含运费：￥0.00),交易关闭,订单详情,保险服务,￥0.00
2022-08-12订单号: 1642170434985658774 深圳数码电子通讯,oppo Reno后盖 oppo renoz玻璃电池盖 前框中壳 手机外壳卡托背屏 [交易快照],颜色分类：Reno z星云紫玻璃后盖,￥18.00,￥16.20,1,查看退款,投诉卖家,￥16.20,(含运费：￥0.00),交易关闭,订单详情
2022-08-12订单号: 1642221447086658774 卓冠数码店,适用于oppoRenoZ后盖外壳 Renoz电池盖 renoZ原装玻璃后盖黑色 [交易快照],颜色分类：renoZ星辰紫,￥14.00,1,投诉卖家,￥21.58,(含运费：￥8.00),交易关闭,订单详情
2022-08-09订单号: 1637817852267658774 水果素材店,ipad软件app学习goodnotes笔记视频教程not ability素材procreate [交易快照],￥2.58,1,申请售后,投诉卖家,￥2.58,(含运费：￥0.00),交易成功,订单详情,双方已评,追加评论
2022-08-09订单号: 1638437558957658774 众安保健品专营店,75%酒精消毒液医用伤口杀菌室内 [交易快照],颜色分类：500ml【1瓶】-送棉签+喷头,￥15.60,￥7.80,1,申请售后,运费险已出单,￥6.57,(含运费：￥0.00),交易成功,订单详情,双方已评,申请开票,追加评论,【赠品】】买家秀征集 [交易快照],￥10.00,￥0.00,1,申请售后,保险服务,￥0.00
2022-08-09订单号: 1638437702039658774 海氏海诺佳宁专卖店,海氏海诺医疗酒精75度喷雾消毒液 [交易快照],颜色分类：酒精500ml【1瓶】首件送喷瓶,￥29.50,￥8.50,1,违规举报,退运保险,￥6.50,(含运费：￥0.00),交易关闭,订单详情,100ml喷瓶1个 [交易快照],￥9.90,￥0.00,1,违规举报,保险服务,￥0.00
2022-07-31订单号: 1631704297077658774 漫花旗舰店,【u先试用】拍下7.9元漫花洗脸巾 [交易快照],包数：1包,￥21.90,￥7.90,1,违规举报,退运保险,￥7.90,(含运费：￥0.00),交易关闭,订单详情,保险服务,￥0.00
2022-07-31订单号: 1631256746075658774 嫦香诗旗舰店,【清凉软糯·泡泡内裤】 [交易快照],颜色分类：10811奶黄+素雅黑尺码：均码,￥54.00,￥34.90,1,申请售后,运费险已出单,￥34.90,(含运费：￥0.00),交易成功,订单详情,双方已评,追加评论,申请开票,保险服务,￥0.00
2022-07-31订单号: 1631323057508658774 嫦香诗旗舰店,无痕内衣女小胸聚拢夏季薄款无钢圈收副乳大胸显小美背文胸罩夏天 [交易快照],颜色分类：10240黑色-单件尺码：M[【适合75ABC】],￥128.00,￥79.00,1,申请售后,运费险已出单,￥69.00,(含运费：￥0.00),交易成功,订单详情,双方已评,追加评论,申请开票,保险服务,￥0.00
2022-07-30订单号: 1630318333122658774 山东消毒制品总汇,消毒杀菌 环境消毒 皮肤消毒 [交易快照],净含量：500ml套餐类型：套餐一,￥20.00,￥6.80,1,投诉卖家,￥5.60,(含运费：￥0.00),交易关闭,订单详情
2022-07-28订单号: 1629083461928658774 大胃王食品旗舰店,白象方便面袋装韩式火鸡面 [交易快照],口味：速发【5包】白象火鸡面,￥79.90,￥15.90,1,违规举报,￥15.90,(含运费：￥0.00),交易关闭,订单详情
2022-07-28订单号: 1629084613103658774 大胃王食品旗舰店,白象方便面袋装韩式火鸡面 [交易快照],口味：速发【5包】白象火鸡面,￥79.90,￥15.90,1,违规举报,￥15.90,(含运费：￥0.00),交易关闭,订单详情
2022-07-28订单号: 1629083389765658774 大胃王食品旗舰店,白象方便面袋装韩式火鸡面 [交易快照],口味：速发【5包】白象火鸡面,￥79.90,￥15.90,1,申请售后,￥12.90,(含运费：￥0.00),交易成功,订单详情,双方已评,追加评论,申请开票
2022-07-28订单号: 1629082489876658774 大胃王食品旗舰店,白象方便面袋装韩式火鸡面 [交易快照],口味：速发【5包】白象火鸡面,￥79.90,￥15.90,1,查看退款,投诉商家,￥12.90,(含运费：￥0.00),交易关闭,订单详情,申请开票
2022-07-26订单号: 1626132396201658774 永冠办公用品旗舰店,永冠喷漆遮蔽不残留美纹纸胶带 [交易快照],颜色分类：3.0cm*50m*2卷,￥10.70,￥8.70,1,违规举报,退运保险,￥5.70,(含运费：￥0.00),交易关闭,订单详情,保险服务,￥0.00
2022-07-25订单号: 1626785475890658774 铭灿办公旗舰店,强力泡沫双面胶高粘度墙面固定 [交易快照],颜色分类：30mm宽*4米长*3mm厚【4卷】,￥16.80,￥9.80,1,违规举报,￥7.80,(含运费：￥0.00),交易关闭,订单详情,【5张晒图+推荐+视频】截图联系客服，领取2元红包，每个ID限一次 [交易快照],￥2.00,￥0.00,1,违规举报
2022-07-25订单号: 1626700045209658774 先声再康大药房旗舰店,康王 复方酮康唑发用洗剂 100ml/盒头皮屑真菌感染瘙痒头皮糠疹溢脂性皮炎正品去屑药品拜耳康王药用洗发水 [交易快照],套餐类型：标准装,￥67.00,￥39.00,1,违规举报,￥39.00,(含运费：￥0.00),交易关闭,订单详情
2022-07-24订单号: 1624352448224658774 磁匠旗舰店,强力磁铁圆形纽扣直径5-25mm [交易快照],颜色分类：【高品质强磁】直径25x厚10毫米（2个）,￥44.00,￥22.00,1,违规举报,￥19.00,(含运费：￥0.00),交易关闭,订单详情
2022-07-24订单号: 1624352196458658774 新乐磁业,超大号圆形强力磁铁高强钕铁硼磁王超强磁力吸铁石钕铷汝磁石磁钢 [交易快照],颜色分类：D25x10mm(3个),￥39.00,￥23.00,1,投诉卖家,￥23.00,(含运费：￥0.00),交易关闭,订单详情
2022-07-24订单号: 1624351188458658774 简酷旗舰店,大尺寸 圆形强力磁铁 一件包邮 [交易快照],颜色分类：D25x10mm(1个),￥50.00,￥10.00,1,申请售后,￥7.00,(含运费：￥0.00),交易成功,订单详情,双方已评,追加评论,申请开票
2022-07-24订单号: 1625016146949658774 健美创研旗舰店,【佳埼推荐】3包加大加厚洗脸巾 [交易快照],颜色分类：3包装-加厚款珍珠纹50片,￥38.00,￥15.80,1,申请售后,运费险已出单,￥15.80,(含运费：￥0.00),交易成功,订单详情,双方已评,追加评论,申请开票,保险服务,￥0.00
2022-07-23订单号: 1624884637239658774 味小二食品店,利人奇亚籽坚果代餐藕粉羹 [交易快照],口味：一罐【送杯勺】奇亚籽藕粉,￥24.88,￥19.90,1,投诉卖家,￥17.90,(含运费：￥0.00),交易关闭,订单详情
2022-07-21订单号: 1622954642723658774 漫花旗舰店,漫花家用实惠装24大卷有芯卷纸 [交易快照],套餐类型：套餐四,￥19.90,￥14.90,1,申请售后,运费险已出单,￥9.90,(含运费：￥0.00),交易成功,订单详情,双方已评,追加评论,申请开票,保险服务,￥0.00
2022-07-21订单号: 1623075459465658774 漫花旗舰店,漫花无芯卷纸家用实惠30卷6斤装 [交易快照],套餐类型：套餐一,￥19.90,￥16.99,1,查看退款,投诉商家,退运保险,￥9.99,(含运费：￥0.00),交易关闭,订单详情,申请开票,保险服务,￥0.00
2022-07-16订单号: 1618495574482658774 春琳百货,免打孔纸巾盒挂壁式抽纸盒家用厨房客厅餐厅卧室壁挂式纸巾收纳盒 [交易快照],颜色分类：白色2个,￥19.80,￥9.50,1,申请售后,投诉卖家,￥8.22,(含运费：￥0.00),交易成功,订单详情,双方已评,保险服务,￥0.00
2022-07-16订单号: 1618494998820658774 天天特卖工厂店,免打孔卫生间纸巾盒防水厕所抽纸卷纸盒洗手间收纳浴室置物架壁挂 [交易快照],颜色分类：【组合装】大号白色-【2个装】,本品由义乌市沐涵日用百货有限公司售卖,￥14.85,￥9.90,1,违规举报,退运保险,￥9.90,(含运费：￥0.00),交易关闭,订单详情,保险服务,￥0.00
2022-07-13订单号: 1615150236360658774 麻姑旗舰店,正宗江西特产包邮老字号麻姑米粉 [交易快照],口味：麻姑1.66mm中粗四斤,￥23.00,1,申请售后,￥23.00,(含运费：￥0.00),交易成功,订单详情,双方已评,申请开票
2022-07-13订单号: 1615956819310658774 迈诚食品,嘻螺会广西柳州螺蛳粉 [交易快照],口味：嘻螺会300g*5袋,￥28.50,1,查看退款,投诉卖家,￥24.50,(含运费：￥0.00),交易关闭,订单详情
2022-07-13订单号: 1615956819311658774 麻姑旗舰店,正宗江西特产包邮老字号麻姑米粉 [交易快照],口味：麻姑1.66mm中粗四斤,￥23.00,1,查看退款,投诉商家,￥23.00,(含运费：￥0.00),交易关闭,订单详情,申请开票
2022-07-13订单号: 1615955235485658774 春田花花特产,嘻螺会柳州螺蛳粉网红鲜香辣爽烫 [交易快照],口味：【暴赞推荐】300*5袋,￥57.00,￥28.50,1,查看退款,投诉卖家,退运保险,￥23.50,(含运费：￥0.00),交易关闭,订单详情,保险服务,￥0.00
2022-07-12订单号: 1614418466608658774 洁柔浩久专卖店,洁柔抽纸可湿水家用实惠整箱批发 [交易快照],套餐类型：套餐五,￥59.90,￥18.90,1,申请售后,￥10.90,(含运费：￥0.00),交易成功,订单详情,双方已评,申请开票,现金红包买家秀征集 [交易快照],￥999.00,￥0.00,1,申请售后
2022-07-11订单号: 1613931205638658774 大胃王食品旗舰店,方便面泡面来一桶整箱12正宗夜宵 [交易快照],口味：【3桶】红烧牛肉,￥79.00,￥22.90,1,违规举报,￥12.90,(含运费：￥0.00),交易关闭,订单详情
2022-07-11订单号: 1613926995540658774 大胃王食品旗舰店,白象大辣娇火鸡面韩式风味 [交易快照],口味：【5包】白象火鸡面,￥99.00,￥15.90,1,申请售后,￥12.90,(含运费：￥0.00),交易成功,订单详情,花呗账单,双方已评,申请开票
2022-07-09订单号: 1612518529820658774 大集汇旗舰店,苹果8plus气囊钢化膜iPhone7手机膜8防窥7plus全屏覆盖8p全包边7p八6p六6splus防摔6s蓝光6 [交易快照],适用手机型号：iPhone8plus颜色分类：白色【高清】黑科技气囊抗摔膜*不碎边【3片装】送后膜+镜头膜,￥88.00,￥25.80,1,申请售后,￥25.03,(含运费：￥0.00),交易成功,订单详情,花呗账单,双方已评,申请开票
2022-07-08订单号: 1611438782716658774 傲娇嫩小排,保税仓直发~资生堂 新版男士护肤洁面乳125ml深层清洁洗面奶 控油 [交易快照],￥120.00,1,申请售后,投诉卖家,￥115.21,(含运费：￥0.00,进口税：￥9.61),交易成功,订单详情,花呗账单,双方已评,上传身份证
2022-07-07订单号: 1609724820470658774 潮兴泰数码,适用苹果7代主板螺丝 7P 8代机身螺丝 iPhone8Plus内部螺丝超螺 [交易快照],颜色分类：8P（整套螺丝）,￥2.00,1,申请售后,投诉卖家,￥2.00,(含运费：￥0.00),交易成功,订单详情,双方已评
2022-07-07订单号: 1609607136553658774 潮兴泰数码,适用苹果8代开机排线闪光灯 iPhone8Plus静音键排线音量加减键 8P [交易快照],颜色分类：8P（原装拆机）,￥18.00,1,申请售后,投诉卖家,￥18.00,(含运费：￥0.00),交易成功,订单详情,双方已评
2022-07-04订单号: 2738208060928658774 飞扬3C配件行,适用于苹果8原装外壳 iphoneX XR拆机后壳8Plus中框XSMAX后盖总成 [交易快照],颜色分类：8P中框+后玻璃99（颜色备注）,￥118.00,1,申请售后,投诉卖家,运费险已出单,￥110.00,(含运费：￥0.00),交易成功,订单详情,花呗账单,双方已评,保险服务,￥0.00
2022-07-04订单号: 2738206728889658774 飞扬3C配件行,适用于苹果8原装外壳 iphoneX XR拆机后壳8Plus中框XSMAX后盖总成 [交易快照],颜色分类：8P中框+后玻璃99（颜色备注）,￥118.00,1,查看退款,投诉卖家,退运保险,￥110.00,(含运费：￥0.00),交易关闭,订单详情,保险服务,￥0.00
2022-07-04订单号: 2738205504631658774 飞扬3C配件行,适用于苹果8原装外壳 iphoneX XR拆机后壳8Plus中框XSMAX后盖总成 [交易快照],颜色分类：8P中框+后玻璃99（颜色备注）,￥118.00,1,查看退款,投诉卖家,退运保险,￥110.00,(含运费：￥0.00),交易关闭,订单详情,保险服务,￥0.00
2022-06-23订单号: 1597963873672658774 屏幕智能点击器,连点器屏幕点击器直播点赞抢购 [交易快照],颜色或款式（可自定义）：新款一机二头（充电款）大小描述：5.5*5.5*1.9（cm）,￥68.00,￥39.80,1,投诉卖家,退运保险,￥38.61,(含运费：￥0.00),交易关闭,订单详情,保险服务,￥0.00
2022-06-19订单号: 2708844231837658774 专业技术 为您满意,office软件365苹果for2021mac电脑m1ipad版2019word2016excel教程 [交易快照],付款方式：支持手机/电脑/平板/win/mac,￥10.00,￥3.80,1,申请售后,投诉卖家,￥3.80,(含运费：￥0.00),交易成功,订单详情,双方已评
2022-06-18订单号: 2703846313615658774 奥贝克数码专营店,华为粘贴式超薄车载多功能指环扣 [交易快照],颜色分类：【暗夜绿-纯色支架】收藏加购享优先发货,￥38.00,￥9.80,1,违规举报,退运保险,￥17.64,(含运费：￥0.00),交易关闭,订单详情,华为粘贴式超薄车载多功能指环扣 [交易快照],颜色分类：【经典黑-纯色支架】收藏加购享优先发货,￥38.00,￥9.80,1,违规举报,退运保险,保险服务,￥0.00
2022-06-17订单号: 2702683585172658774 科达威旗舰店,手机指环扣支架创意个性苹果华为壳vivo迷你环指超薄磁吸环扣oppo支撑男女款金属多功能指扣隐形手指车载配件 [交易快照],颜色分类：超薄磁吸指环扣&bull：秒搭车载【深空灰】1片装,￥8.00,￥6.90,1,申请售后,￥6.90,(含运费：￥0.00),交易成功,订单详情,申请开票,保险服务,￥0.00
2022-06-16订单号: 2700607611248658774 拾机网络工作室,Prodrafts会员版解锁PRO功能手写笔记iPad无限可能IOSapp画布软件 [交易快照],颜色分类：prodrafts永久版会员,￥4.88,￥3.88,1,申请售后,投诉卖家,运费险取消,￥3.88,(含运费：￥0.00),交易成功,订单详情,双方已评,保险服务,￥0.00
2022-06-14订单号: 2695667475817658774 道物数码海外购,Apple pencil笔尖原装手写applepencil笔尖头充电转接换器一二代 [交易快照],颜色分类：原装笔尖一只[带卡纸未拆],￥32.90,￥28.90,1,申请售后,投诉卖家,运费险已出单,￥28.33,(含运费：￥0.00),交易成功,订单详情,花呗账单,双方已评,保险服务,￥0.00
2022-06-11订单号: 2688177672332658774 FUNRE帆睿数码,适用iphone6苹果5s 6P 6s 6sp 7 7p尾部8plus原装8 x手机xr底部xs [交易快照],￥8.80,1,投诉卖家,退运保险,￥3.00,(含运费：￥0.00),交易关闭,订单详情,保险服务,￥0.00
2022-06-11订单号: 2689916439361658774 FUNRE帆睿数码,苹果iphoneX震动器7马达8plus振动器7p排线xr纯装xs手机11pro max [交易快照],颜色分类：8plus【2码震动马达】工具,￥40.00,1,查看退款,投诉卖家,退运保险,￥38.80,(含运费：￥0.00),交易关闭,订单详情,保险服务,￥0.00
2022-06-11订单号: 2689890735090658774 FUNRE帆睿数码,苹果iphoneX震动器7马达8plus振动器7p排线xr纯装xs手机11pro max [交易快照],颜色分类：8plus【1码震动马达】工具,￥40.00,1,投诉卖家,退运保险,￥38.80,(含运费：￥0.00),交易关闭,订单详情,保险服务,￥0.00
2022-06-11订单号: 2689890735091658774 鸿蒙通讯数码,适用6代 6p震动器 6s震子 苹果6sp振动7p马达内置振子7静音马达8p [交易快照],颜色分类：8p 震动马达 送工具防水胶,￥32.00,￥31.36,1,投诉卖家,退运保险,￥29.80,(含运费：￥0.00),交易关闭,订单详情,保险服务,￥0.00
2022-06-11订单号: 2689317074012658774 千翼数码,适用苹果iphone7振动器8plus原装马达6sp震动xr振子xsmax线性马达 [交易快照],颜色分类：8p【马达】+赠品,￥58.00,￥45.00,1,投诉卖家,￥44.10,(含运费：￥0.00),交易关闭,订单详情
2022-06-11订单号: 2689011613907658774 潮兴泰数码,适用苹果8代震动马达 8P震动器 iPhone8Plus震动功能振动器马达 [交易快照],颜色分类：8P（需匹配请买运费险）,￥22.00,1,投诉卖家,￥28.00,(含运费：￥6.00),交易关闭,订单详情
2022-06-05订单号: 2676684746190658774 天天特卖工厂店,【狂欢价】乙醇75%酒精消毒液送喷头每瓶500ml大容量居家常备便捷日用品清洁 [交易快照],套餐类型：500ml酒精消毒液*1瓶送喷头,本品由温州市润尔生物科技有限公司售卖,￥9.00,￥5.90,1,申请售后,运费险已出单,￥5.90,(含运费：￥0.00),交易成功,订单详情,双方已评,申请开票,保险服务,￥0.00
2022-06-04订单号: 2676274599346658774 润本旗舰店,会员9.9元限时润本植物精油 [交易快照],￥59.00,￥9.90,1,申请售后,运费险已出单,￥9.61,(含运费：￥0.00),交易成功,订单详情,双方已评,申请开票,保险服务,￥0.00
2022-06-04订单号: 2675725778563658774 咪吖家居专营店,润本驱蚊液喷雾套装防叮咬花露水 [交易快照],颜色分类：1支 , 舒痒舒缓净含量：35ml,￥20.60,￥10.60,1,申请售后,运费险已出单,￥7.60,(含运费：￥0.00),交易成功,订单详情,双方已评,申请开票,【赠品】买家秀征集中：晒三张美图+20个字！ [交易快照],￥3.00,￥0.00,1,申请售后,保险服务,￥0.00
2022-06-03订单号: 2671630311691658774 Apple Store 官方旗舰店,【狂欢价】Apple/苹果 iPhone 13 [交易快照],网络类型：无需合约版机身颜色：粉色存储容量：128GB,￥5999.00,1,违规举报,￥4849.00,(含运费：￥0.00),交易关闭,订单详情
